subject,classname,img
p002,c0,img_44733.jpg
p002,c0,img_72999.jpg
p002,c0,img_25094.jpg
p002,c0,img_69092.jpg
p002,c0,img_92629.jpg
p002,c0,img_3370.jpg
p002,c0,img_67639.jpg
p002,c0,img_58560.jpg
p002,c0,img_35779.jpg
p002,c0,img_10012.jpg
p002,c0,img_70354.jpg
p002,c0,img_54617.jpg
p002,c0,img_26684.jpg
p002,c0,img_82409.jpg
p002,c0,img_5585.jpg
p002,c0,img_19029.jpg
p002,c0,img_40930.jpg
p002,c0,img_31547.jpg
p002,c0,img_87373.jpg
p002,c0,img_10627.jpg
p002,c0,img_66355.jpg
p002,c0,img_97714.jpg
p002,c0,img_37344.jpg
p002,c0,img_54848.jpg
p002,c0,img_59964.jpg
p002,c0,img_70675.jpg
p002,c0,img_43317.jpg
p002,c0,img_13585.jpg
p002,c0,img_63064.jpg
p002,c0,img_91058.jpg
p002,c0,img_79799.jpg
p002,c0,img_18198.jpg
p002,c0,img_55108.jpg
p002,c0,img_87789.jpg
p002,c0,img_11582.jpg
p002,c0,img_24152.jpg
p002,c0,img_28404.jpg
p002,c0,img_8868.jpg
p002,c0,img_14949.jpg
p002,c0,img_41276.jpg
p002,c0,img_70611.jpg
p002,c0,img_42895.jpg
p002,c0,img_87995.jpg
p002,c0,img_40990.jpg
p002,c0,img_68866.jpg
p002,c0,img_71265.jpg
p002,c0,img_90102.jpg
p002,c0,img_30954.jpg
p002,c0,img_3570.jpg
p002,c0,img_59000.jpg
p002,c0,img_48323.jpg
p002,c0,img_13073.jpg
p002,c0,img_80662.jpg
p002,c0,img_57625.jpg
p002,c0,img_39046.jpg
p002,c0,img_89021.jpg
p002,c0,img_30400.jpg
p002,c0,img_23447.jpg
p002,c0,img_92645.jpg
p002,c0,img_6563.jpg
p002,c0,img_98115.jpg
p002,c0,img_25670.jpg
p002,c0,img_17794.jpg
p002,c0,img_49392.jpg
p002,c0,img_16046.jpg
p002,c0,img_22191.jpg
p002,c0,img_90443.jpg
p002,c0,img_92014.jpg
p002,c0,img_20310.jpg
p002,c0,img_66379.jpg
p002,c0,img_15221.jpg
p002,c0,img_48187.jpg
p002,c0,img_72300.jpg
p002,c0,img_29321.jpg
p002,c0,img_99512.jpg
p002,c0,img_69672.jpg
p002,c2,img_42941.jpg
p002,c2,img_22889.jpg
p002,c2,img_101258.jpg
p002,c2,img_95640.jpg
p002,c2,img_14459.jpg
p002,c2,img_59928.jpg
p002,c2,img_80107.jpg
p002,c2,img_8883.jpg
p002,c2,img_67174.jpg
p002,c2,img_51313.jpg
p002,c2,img_45764.jpg
p002,c2,img_51343.jpg
p002,c2,img_57904.jpg
p002,c2,img_54319.jpg
p002,c2,img_82005.jpg
p002,c2,img_70071.jpg
p002,c2,img_72291.jpg
p002,c2,img_16663.jpg
p002,c2,img_77747.jpg
p002,c2,img_21732.jpg
p002,c2,img_24238.jpg
p002,c2,img_101898.jpg
p002,c2,img_38985.jpg
p002,c2,img_65864.jpg
p002,c2,img_70091.jpg
p002,c2,img_61300.jpg
p002,c2,img_32500.jpg
p002,c2,img_6867.jpg
p002,c2,img_79978.jpg
p002,c2,img_39351.jpg
p002,c2,img_30591.jpg
p002,c2,img_19640.jpg
p002,c2,img_61758.jpg
p002,c2,img_22464.jpg
p002,c2,img_63601.jpg
p002,c2,img_8191.jpg
p002,c2,img_68885.jpg
p002,c2,img_88174.jpg
p002,c2,img_85734.jpg
p002,c2,img_51411.jpg
p002,c2,img_20410.jpg
p002,c2,img_64296.jpg
p002,c2,img_59437.jpg
p002,c2,img_41918.jpg
p002,c2,img_28494.jpg
p002,c2,img_94.jpg
p002,c2,img_94170.jpg
p002,c2,img_28106.jpg
p002,c2,img_93401.jpg
p002,c2,img_58738.jpg
p002,c2,img_99719.jpg
p002,c2,img_44299.jpg
p002,c2,img_92033.jpg
p002,c2,img_100246.jpg
p002,c2,img_1542.jpg
p002,c2,img_61806.jpg
p002,c2,img_96100.jpg
p002,c2,img_22091.jpg
p002,c2,img_17429.jpg
p002,c2,img_101016.jpg
p002,c2,img_86778.jpg
p002,c2,img_50870.jpg
p002,c2,img_5910.jpg
p002,c2,img_25921.jpg
p002,c2,img_91890.jpg
p002,c2,img_36675.jpg
p002,c2,img_47349.jpg
p002,c2,img_96291.jpg
p002,c2,img_88794.jpg
p002,c2,img_35449.jpg
p002,c2,img_10564.jpg
p002,c2,img_42547.jpg
p002,c2,img_25767.jpg
p002,c2,img_56031.jpg
p002,c2,img_91424.jpg
p002,c2,img_23781.jpg
p002,c2,img_37594.jpg
p002,c2,img_5410.jpg
p002,c2,img_9986.jpg
p002,c2,img_95044.jpg
p002,c2,img_89388.jpg
p002,c2,img_41336.jpg
p002,c2,img_56800.jpg
p002,c2,img_54278.jpg
p002,c2,img_14299.jpg
p002,c2,img_62871.jpg
p002,c3,img_46464.jpg
p002,c3,img_1565.jpg
p002,c3,img_44764.jpg
p002,c3,img_47604.jpg
p002,c3,img_11230.jpg
p002,c3,img_61154.jpg
p002,c3,img_87607.jpg
p002,c3,img_58175.jpg
p002,c3,img_79694.jpg
p002,c3,img_84679.jpg
p002,c3,img_1455.jpg
p002,c3,img_58188.jpg
p002,c3,img_66811.jpg
p002,c3,img_39145.jpg
p002,c3,img_39465.jpg
p002,c3,img_19344.jpg
p002,c3,img_11813.jpg
p002,c3,img_77562.jpg
p002,c3,img_61056.jpg
p002,c3,img_27011.jpg
p002,c3,img_47911.jpg
p002,c3,img_71347.jpg
p002,c3,img_57513.jpg
p002,c3,img_71381.jpg
p002,c3,img_54688.jpg
p002,c3,img_42080.jpg
p002,c3,img_90386.jpg
p002,c3,img_48755.jpg
p002,c3,img_58723.jpg
p002,c3,img_28543.jpg
p002,c3,img_70547.jpg
p002,c3,img_19687.jpg
p002,c3,img_22044.jpg
p002,c3,img_40095.jpg
p002,c3,img_58247.jpg
p002,c3,img_56654.jpg
p002,c3,img_70627.jpg
p002,c3,img_30528.jpg
p002,c3,img_12346.jpg
p002,c3,img_75003.jpg
p002,c3,img_65566.jpg
p002,c3,img_96114.jpg
p002,c3,img_84372.jpg
p002,c3,img_32021.jpg
p002,c3,img_24561.jpg
p002,c3,img_85272.jpg
p002,c3,img_11982.jpg
p002,c3,img_65251.jpg
p002,c3,img_14397.jpg
p002,c3,img_73739.jpg
p002,c3,img_88084.jpg
p002,c3,img_28975.jpg
p002,c3,img_38688.jpg
p002,c3,img_6859.jpg
p002,c3,img_37425.jpg
p002,c3,img_66907.jpg
p002,c3,img_57637.jpg
p002,c3,img_10034.jpg
p002,c3,img_28539.jpg
p002,c3,img_101134.jpg
p002,c3,img_91769.jpg
p002,c3,img_56798.jpg
p002,c3,img_101499.jpg
p002,c3,img_88211.jpg
p002,c3,img_35219.jpg
p002,c3,img_66615.jpg
p002,c3,img_45559.jpg
p002,c3,img_31492.jpg
p002,c3,img_74659.jpg
p002,c3,img_27315.jpg
p002,c3,img_30656.jpg
p002,c3,img_52775.jpg
p002,c3,img_22374.jpg
p002,c3,img_16521.jpg
p002,c3,img_73517.jpg
p002,c3,img_92857.jpg
p002,c3,img_15716.jpg
p002,c3,img_53391.jpg
p002,c3,img_69663.jpg
p002,c4,img_48852.jpg
p002,c4,img_47934.jpg
p002,c4,img_40600.jpg
p002,c4,img_51208.jpg
p002,c4,img_35055.jpg
p002,c4,img_2529.jpg
p002,c4,img_59318.jpg
p002,c4,img_93319.jpg
p002,c4,img_63575.jpg
p002,c4,img_95929.jpg
p002,c4,img_95113.jpg
p002,c4,img_10025.jpg
p002,c4,img_52461.jpg
p002,c4,img_8078.jpg
p002,c4,img_32899.jpg
p002,c4,img_98213.jpg
p002,c4,img_3734.jpg
p002,c4,img_91274.jpg
p002,c4,img_31450.jpg
p002,c4,img_85830.jpg
p002,c4,img_44628.jpg
p002,c4,img_101507.jpg
p002,c4,img_93900.jpg
p002,c4,img_90077.jpg
p002,c4,img_16550.jpg
p002,c4,img_32558.jpg
p002,c4,img_41637.jpg
p002,c4,img_82718.jpg
p002,c4,img_61942.jpg
p002,c4,img_79002.jpg
p002,c4,img_20597.jpg
p002,c4,img_96507.jpg
p002,c4,img_39728.jpg
p002,c4,img_101528.jpg
p002,c4,img_84187.jpg
p002,c4,img_43696.jpg
p002,c4,img_37441.jpg
p002,c4,img_50372.jpg
p002,c4,img_37643.jpg
p002,c4,img_858.jpg
p002,c4,img_75950.jpg
p002,c4,img_31005.jpg
p002,c4,img_55853.jpg
p002,c4,img_9121.jpg
p002,c4,img_62882.jpg
p002,c4,img_91285.jpg
p002,c4,img_91845.jpg
p002,c4,img_86479.jpg
p002,c4,img_50523.jpg
p002,c4,img_803.jpg
p002,c4,img_12715.jpg
p002,c4,img_10758.jpg
p002,c4,img_39224.jpg
p002,c4,img_26602.jpg
p002,c4,img_71882.jpg
p002,c4,img_25161.jpg
p002,c4,img_45243.jpg
p002,c4,img_98239.jpg
p002,c4,img_3966.jpg
p002,c4,img_32719.jpg
p002,c4,img_74556.jpg
p002,c4,img_8580.jpg
p002,c4,img_42217.jpg
p002,c4,img_33292.jpg
p002,c4,img_23296.jpg
p002,c4,img_51887.jpg
p002,c4,img_31701.jpg
p002,c4,img_100343.jpg
p002,c4,img_35298.jpg
p002,c4,img_44510.jpg
p002,c4,img_47106.jpg
p002,c4,img_29730.jpg
p002,c4,img_15738.jpg
p002,c4,img_98641.jpg
p002,c4,img_37290.jpg
p002,c4,img_102083.jpg
p002,c4,img_21359.jpg
p002,c4,img_85224.jpg
p002,c4,img_39260.jpg
p002,c4,img_38813.jpg
p002,c4,img_17546.jpg
p002,c4,img_13903.jpg
p002,c4,img_99762.jpg
p002,c4,img_25635.jpg
p002,c5,img_78551.jpg
p002,c5,img_63872.jpg
p002,c5,img_796.jpg
p002,c5,img_44821.jpg
p002,c5,img_24457.jpg
p002,c5,img_96395.jpg
p002,c5,img_9083.jpg
p002,c5,img_94844.jpg
p002,c5,img_55318.jpg
p002,c5,img_11842.jpg
p002,c5,img_73215.jpg
p002,c5,img_33335.jpg
p002,c5,img_36634.jpg
p002,c5,img_98179.jpg
p002,c5,img_50932.jpg
p002,c5,img_78091.jpg
p002,c5,img_10406.jpg
p002,c5,img_91418.jpg
p002,c5,img_54541.jpg
p002,c5,img_34100.jpg
p002,c5,img_59763.jpg
p002,c5,img_88846.jpg
p002,c5,img_89203.jpg
p002,c5,img_9539.jpg
p002,c5,img_18411.jpg
p002,c5,img_10773.jpg
p002,c5,img_32490.jpg
p002,c5,img_29977.jpg
p002,c5,img_2693.jpg
p002,c5,img_94498.jpg
p002,c5,img_26330.jpg
p002,c5,img_78019.jpg
p002,c5,img_89186.jpg
p002,c5,img_41807.jpg
p002,c5,img_14921.jpg
p002,c5,img_94608.jpg
p002,c5,img_52640.jpg
p002,c5,img_56346.jpg
p002,c5,img_94140.jpg
p002,c5,img_37573.jpg
p002,c5,img_89040.jpg
p002,c5,img_90275.jpg
p002,c5,img_43152.jpg
p002,c5,img_89476.jpg
p002,c5,img_66632.jpg
p002,c5,img_90939.jpg
p002,c5,img_39017.jpg
p002,c5,img_40621.jpg
p002,c5,img_44114.jpg
p002,c5,img_39099.jpg
p002,c5,img_34295.jpg
p002,c5,img_64594.jpg
p002,c5,img_1388.jpg
p002,c5,img_72670.jpg
p002,c5,img_35979.jpg
p002,c5,img_1290.jpg
p002,c5,img_55881.jpg
p002,c5,img_19044.jpg
p002,c5,img_76754.jpg
p002,c5,img_27266.jpg
p002,c5,img_58642.jpg
p002,c5,img_61738.jpg
p002,c5,img_67243.jpg
p002,c5,img_35012.jpg
p002,c5,img_23120.jpg
p002,c5,img_92896.jpg
p002,c5,img_53423.jpg
p002,c5,img_88891.jpg
p002,c5,img_41187.jpg
p002,c5,img_49785.jpg
p002,c5,img_70392.jpg
p002,c5,img_43370.jpg
p002,c5,img_55047.jpg
p002,c5,img_40645.jpg
p002,c5,img_15127.jpg
p002,c5,img_87951.jpg
p012,c0,img_10206.jpg
p012,c0,img_27079.jpg
p012,c0,img_50749.jpg
p012,c0,img_97089.jpg
p012,c0,img_37741.jpg
p012,c0,img_65697.jpg
p012,c0,img_3866.jpg
p012,c0,img_19098.jpg
p012,c0,img_31885.jpg
p012,c0,img_41423.jpg
p012,c0,img_26907.jpg
p012,c0,img_71304.jpg
p012,c0,img_17470.jpg
p012,c0,img_88793.jpg
p012,c0,img_1367.jpg
p012,c0,img_29348.jpg
p012,c0,img_20878.jpg
p012,c0,img_6461.jpg
p012,c0,img_87811.jpg
p012,c0,img_47410.jpg
p012,c0,img_98046.jpg
p012,c0,img_57583.jpg
p012,c0,img_27214.jpg
p012,c0,img_973.jpg
p012,c0,img_9006.jpg
p012,c0,img_28357.jpg
p012,c0,img_56851.jpg
p012,c0,img_62066.jpg
p012,c0,img_40209.jpg
p012,c0,img_49423.jpg
p012,c0,img_71160.jpg
p012,c0,img_54924.jpg
p012,c0,img_1267.jpg
p012,c0,img_17723.jpg
p012,c0,img_88538.jpg
p012,c0,img_96522.jpg
p012,c0,img_31289.jpg
p012,c0,img_37288.jpg
p012,c0,img_67875.jpg
p012,c0,img_2813.jpg
p012,c0,img_59570.jpg
p012,c0,img_70406.jpg
p012,c0,img_20588.jpg
p012,c0,img_60168.jpg
p012,c0,img_50246.jpg
p012,c0,img_65097.jpg
p012,c0,img_24419.jpg
p012,c0,img_47332.jpg
p012,c0,img_89135.jpg
p012,c0,img_93208.jpg
p012,c0,img_67865.jpg
p012,c0,img_31623.jpg
p012,c0,img_36574.jpg
p012,c0,img_55312.jpg
p012,c0,img_35231.jpg
p012,c0,img_38321.jpg
p012,c0,img_75305.jpg
p012,c0,img_40038.jpg
p012,c0,img_5957.jpg
p012,c0,img_76418.jpg
p012,c0,img_31613.jpg
p012,c0,img_48334.jpg
p012,c0,img_53945.jpg
p012,c0,img_10225.jpg
p012,c0,img_78131.jpg
p012,c0,img_89892.jpg
p012,c0,img_87852.jpg
p012,c0,img_49775.jpg
p012,c0,img_10092.jpg
p012,c0,img_72668.jpg
p012,c0,img_63634.jpg
p012,c0,img_57096.jpg
p012,c0,img_7473.jpg
p012,c0,img_61373.jpg
p012,c0,img_40020.jpg
p012,c0,img_64638.jpg
p012,c0,img_10609.jpg
p012,c0,img_59778.jpg
p012,c0,img_26166.jpg
p012,c0,img_20350.jpg
p012,c0,img_80288.jpg
p012,c0,img_15571.jpg
p012,c0,img_75168.jpg
p012,c0,img_37234.jpg
p012,c2,img_9873.jpg
p012,c2,img_36137.jpg
p012,c2,img_15758.jpg
p012,c2,img_73225.jpg
p012,c2,img_29564.jpg
p012,c2,img_95029.jpg
p012,c2,img_20837.jpg
p012,c2,img_68142.jpg
p012,c2,img_8535.jpg
p012,c2,img_61039.jpg
p012,c2,img_99218.jpg
p012,c2,img_13514.jpg
p012,c2,img_43342.jpg
p012,c2,img_36123.jpg
p012,c2,img_85485.jpg
p012,c2,img_45592.jpg
p012,c2,img_15802.jpg
p012,c2,img_92109.jpg
p012,c2,img_62608.jpg
p012,c2,img_26239.jpg
p012,c2,img_20118.jpg
p012,c2,img_63326.jpg
p012,c2,img_94769.jpg
p012,c2,img_27678.jpg
p012,c2,img_89956.jpg
p012,c2,img_1724.jpg
p012,c2,img_11414.jpg
p012,c2,img_85044.jpg
p012,c2,img_10972.jpg
p012,c2,img_65101.jpg
p012,c2,img_57207.jpg
p012,c2,img_9564.jpg
p012,c2,img_33882.jpg
p012,c2,img_17316.jpg
p012,c2,img_25703.jpg
p012,c2,img_40814.jpg
p012,c2,img_85646.jpg
p012,c2,img_29338.jpg
p012,c2,img_55166.jpg
p012,c2,img_49876.jpg
p012,c2,img_56934.jpg
p012,c2,img_10048.jpg
p012,c2,img_25499.jpg
p012,c2,img_101086.jpg
p012,c2,img_22592.jpg
p012,c2,img_1202.jpg
p012,c2,img_59970.jpg
p012,c2,img_92269.jpg
p012,c2,img_76903.jpg
p012,c2,img_45279.jpg
p012,c2,img_51435.jpg
p012,c2,img_16372.jpg
p012,c2,img_102081.jpg
p012,c2,img_41946.jpg
p012,c2,img_19848.jpg
p012,c2,img_39984.jpg
p012,c2,img_34841.jpg
p012,c2,img_4267.jpg
p012,c2,img_37855.jpg
p012,c2,img_33461.jpg
p012,c2,img_22878.jpg
p012,c2,img_100784.jpg
p012,c2,img_37738.jpg
p012,c2,img_98632.jpg
p012,c2,img_51693.jpg
p012,c2,img_48277.jpg
p012,c2,img_37467.jpg
p012,c2,img_48255.jpg
p012,c2,img_75209.jpg
p012,c2,img_72490.jpg
p012,c2,img_60905.jpg
p012,c2,img_59206.jpg
p012,c2,img_69025.jpg
p012,c2,img_56290.jpg
p012,c2,img_7061.jpg
p012,c2,img_3006.jpg
p012,c2,img_62328.jpg
p012,c2,img_59557.jpg
p012,c2,img_48473.jpg
p012,c2,img_56199.jpg
p012,c2,img_60040.jpg
p012,c2,img_42098.jpg
p012,c2,img_36377.jpg
p012,c2,img_85037.jpg
p012,c2,img_32819.jpg
p012,c2,img_46210.jpg
p012,c2,img_3547.jpg
p012,c2,img_16219.jpg
p012,c2,img_76419.jpg
p012,c2,img_53507.jpg
p012,c2,img_77848.jpg
p012,c3,img_19943.jpg
p012,c3,img_46050.jpg
p012,c3,img_68510.jpg
p012,c3,img_48454.jpg
p012,c3,img_28902.jpg
p012,c3,img_98718.jpg
p012,c3,img_22472.jpg
p012,c3,img_61846.jpg
p012,c3,img_59376.jpg
p012,c3,img_91390.jpg
p012,c3,img_79569.jpg
p012,c3,img_81984.jpg
p012,c3,img_58362.jpg
p012,c3,img_11248.jpg
p012,c3,img_92248.jpg
p012,c3,img_50828.jpg
p012,c3,img_2585.jpg
p012,c3,img_26331.jpg
p012,c3,img_27151.jpg
p012,c3,img_84465.jpg
p012,c3,img_43927.jpg
p012,c3,img_89631.jpg
p012,c3,img_32179.jpg
p012,c3,img_89633.jpg
p012,c3,img_14752.jpg
p012,c3,img_49375.jpg
p012,c3,img_82367.jpg
p012,c3,img_52996.jpg
p012,c3,img_22772.jpg
p012,c3,img_23156.jpg
p012,c3,img_73194.jpg
p012,c3,img_18670.jpg
p012,c3,img_37938.jpg
p012,c3,img_15885.jpg
p012,c3,img_64045.jpg
p012,c3,img_87133.jpg
p012,c3,img_40181.jpg
p012,c3,img_35790.jpg
p012,c3,img_3317.jpg
p012,c3,img_73623.jpg
p012,c3,img_71525.jpg
p012,c3,img_14358.jpg
p012,c3,img_56777.jpg
p012,c3,img_15926.jpg
p012,c3,img_17511.jpg
p012,c3,img_91027.jpg
p012,c3,img_54642.jpg
p012,c3,img_73016.jpg
p012,c3,img_3025.jpg
p012,c3,img_14879.jpg
p012,c3,img_36909.jpg
p012,c3,img_92088.jpg
p012,c3,img_86411.jpg
p012,c3,img_64380.jpg
p012,c3,img_96135.jpg
p012,c3,img_22859.jpg
p012,c3,img_26873.jpg
p012,c3,img_35106.jpg
p012,c3,img_63420.jpg
p012,c3,img_94722.jpg
p012,c3,img_34609.jpg
p012,c3,img_50087.jpg
p012,c3,img_65659.jpg
p012,c3,img_85705.jpg
p012,c3,img_61627.jpg
p012,c3,img_55383.jpg
p012,c3,img_592.jpg
p012,c3,img_83385.jpg
p012,c3,img_54289.jpg
p012,c3,img_18429.jpg
p012,c3,img_37793.jpg
p012,c3,img_14076.jpg
p012,c3,img_78092.jpg
p012,c3,img_92478.jpg
p012,c3,img_11340.jpg
p012,c3,img_42365.jpg
p012,c3,img_32676.jpg
p012,c3,img_12426.jpg
p012,c3,img_76472.jpg
p012,c3,img_34408.jpg
p012,c3,img_83979.jpg
p012,c3,img_4842.jpg
p012,c3,img_71031.jpg
p012,c3,img_21735.jpg
p012,c3,img_11920.jpg
p012,c3,img_34940.jpg
p012,c3,img_65648.jpg
p012,c3,img_88598.jpg
p012,c3,img_81580.jpg
p012,c4,img_92769.jpg
p012,c4,img_38427.jpg
p012,c4,img_22681.jpg
p012,c4,img_39685.jpg
p012,c4,img_66357.jpg
p012,c4,img_74182.jpg
p012,c4,img_61238.jpg
p012,c4,img_70257.jpg
p012,c4,img_56418.jpg
p012,c4,img_23458.jpg
p012,c4,img_79188.jpg
p012,c4,img_59054.jpg
p012,c4,img_97051.jpg
p012,c4,img_92019.jpg
p012,c4,img_2413.jpg
p012,c4,img_5031.jpg
p012,c4,img_71127.jpg
p012,c4,img_75683.jpg
p012,c4,img_49379.jpg
p012,c4,img_72542.jpg
p012,c4,img_67465.jpg
p012,c4,img_56362.jpg
p012,c4,img_16158.jpg
p012,c4,img_40438.jpg
p012,c4,img_85787.jpg
p012,c4,img_11607.jpg
p012,c4,img_62473.jpg
p012,c4,img_47839.jpg
p012,c4,img_84945.jpg
p012,c4,img_74399.jpg
p012,c4,img_41039.jpg
p012,c4,img_94181.jpg
p012,c4,img_92155.jpg
p012,c4,img_7495.jpg
p012,c4,img_11090.jpg
p012,c4,img_51506.jpg
p012,c4,img_14493.jpg
p012,c4,img_31509.jpg
p012,c4,img_93490.jpg
p012,c4,img_77274.jpg
p012,c4,img_16762.jpg
p012,c4,img_40614.jpg
p012,c4,img_13710.jpg
p012,c4,img_65846.jpg
p012,c4,img_51696.jpg
p012,c4,img_29510.jpg
p012,c4,img_30078.jpg
p012,c4,img_29069.jpg
p012,c4,img_38309.jpg
p012,c4,img_93410.jpg
p012,c4,img_93492.jpg
p012,c4,img_24607.jpg
p012,c4,img_319.jpg
p012,c4,img_24044.jpg
p012,c4,img_41322.jpg
p012,c4,img_81249.jpg
p012,c4,img_26899.jpg
p012,c4,img_28424.jpg
p012,c4,img_94892.jpg
p012,c4,img_10362.jpg
p012,c4,img_11263.jpg
p012,c4,img_45737.jpg
p012,c4,img_85452.jpg
p012,c4,img_17718.jpg
p012,c4,img_67424.jpg
p012,c4,img_61037.jpg
p012,c4,img_22219.jpg
p012,c4,img_12729.jpg
p012,c4,img_37670.jpg
p012,c4,img_43975.jpg
p012,c4,img_63260.jpg
p012,c4,img_14643.jpg
p012,c4,img_27831.jpg
p012,c4,img_69524.jpg
p012,c4,img_86689.jpg
p012,c4,img_2641.jpg
p012,c4,img_69188.jpg
p012,c4,img_12791.jpg
p012,c4,img_89153.jpg
p012,c4,img_71586.jpg
p012,c4,img_53886.jpg
p012,c4,img_75773.jpg
p012,c4,img_67896.jpg
p012,c4,img_20866.jpg
p012,c4,img_59172.jpg
p012,c4,img_54114.jpg
p012,c4,img_81044.jpg
p012,c4,img_101810.jpg
p012,c4,img_37774.jpg
p012,c4,img_92173.jpg
p012,c4,img_45006.jpg
p012,c4,img_75274.jpg
p012,c4,img_29692.jpg
p012,c4,img_24482.jpg
p012,c4,img_31781.jpg
p012,c4,img_81986.jpg
p012,c4,img_26683.jpg
p012,c5,img_92514.jpg
p012,c5,img_23627.jpg
p012,c5,img_83420.jpg
p012,c5,img_95316.jpg
p012,c5,img_82220.jpg
p012,c5,img_76575.jpg
p012,c5,img_35666.jpg
p012,c5,img_20291.jpg
p012,c5,img_38692.jpg
p012,c5,img_35077.jpg
p012,c5,img_100823.jpg
p012,c5,img_57600.jpg
p012,c5,img_43925.jpg
p012,c5,img_91437.jpg
p012,c5,img_6816.jpg
p012,c5,img_100556.jpg
p012,c5,img_79850.jpg
p012,c5,img_87216.jpg
p012,c5,img_91107.jpg
p012,c5,img_33382.jpg
p012,c5,img_659.jpg
p012,c5,img_68106.jpg
p012,c5,img_86703.jpg
p012,c5,img_92671.jpg
p012,c5,img_76622.jpg
p012,c5,img_32871.jpg
p012,c5,img_74036.jpg
p012,c5,img_2397.jpg
p012,c5,img_99528.jpg
p012,c5,img_59929.jpg
p012,c5,img_23817.jpg
p012,c5,img_37311.jpg
p012,c5,img_46919.jpg
p012,c5,img_8930.jpg
p012,c5,img_75976.jpg
p012,c5,img_31602.jpg
p012,c5,img_41179.jpg
p012,c5,img_84926.jpg
p012,c5,img_17815.jpg
p012,c5,img_25248.jpg
p012,c5,img_24999.jpg
p012,c5,img_76653.jpg
p012,c5,img_55587.jpg
p012,c5,img_66960.jpg
p012,c5,img_20763.jpg
p012,c5,img_91237.jpg
p012,c5,img_41565.jpg
p012,c5,img_77095.jpg
p012,c5,img_75026.jpg
p012,c5,img_1651.jpg
p012,c5,img_5515.jpg
p012,c5,img_19397.jpg
p012,c5,img_81274.jpg
p012,c5,img_83305.jpg
p012,c5,img_58050.jpg
p012,c5,img_58859.jpg
p012,c5,img_91055.jpg
p012,c5,img_89054.jpg
p012,c5,img_16680.jpg
p012,c5,img_90551.jpg
p012,c5,img_33106.jpg
p012,c5,img_78059.jpg
p012,c5,img_63552.jpg
p012,c5,img_45551.jpg
p012,c5,img_58763.jpg
p012,c5,img_36006.jpg
p012,c5,img_73605.jpg
p012,c5,img_26228.jpg
p012,c5,img_50113.jpg
p012,c5,img_2338.jpg
p012,c5,img_87031.jpg
p012,c5,img_91231.jpg
p012,c5,img_91170.jpg
p012,c5,img_47643.jpg
p012,c5,img_31880.jpg
p012,c5,img_61921.jpg
p012,c5,img_74420.jpg
p012,c5,img_80589.jpg
p012,c5,img_76129.jpg
p012,c5,img_20139.jpg
p012,c5,img_21410.jpg
p012,c5,img_84200.jpg
p012,c5,img_94080.jpg
p012,c5,img_17740.jpg
p012,c5,img_31824.jpg
p012,c5,img_16280.jpg
p012,c5,img_5510.jpg
p012,c5,img_65055.jpg
p012,c5,img_53162.jpg
p012,c5,img_69519.jpg
p012,c5,img_79555.jpg
p012,c5,img_88607.jpg
p012,c5,img_81638.jpg
p012,c5,img_53938.jpg
p012,c5,img_21382.jpg
p012,c5,img_56799.jpg
p014,c0,img_72495.jpg
p014,c0,img_62101.jpg
p014,c0,img_34774.jpg
p014,c0,img_100312.jpg
p014,c0,img_12279.jpg
p014,c0,img_22206.jpg
p014,c0,img_12375.jpg
p014,c0,img_60454.jpg
p014,c0,img_70870.jpg
p014,c0,img_38951.jpg
p014,c0,img_99971.jpg
p014,c0,img_68412.jpg
p014,c0,img_26740.jpg
p014,c0,img_87016.jpg
p014,c0,img_1928.jpg
p014,c0,img_98402.jpg
p014,c0,img_15780.jpg
p014,c0,img_69573.jpg
p014,c0,img_69607.jpg
p014,c0,img_20018.jpg
p014,c0,img_9967.jpg
p014,c0,img_27832.jpg
p014,c0,img_13916.jpg
p014,c0,img_39938.jpg
p014,c0,img_69977.jpg
p014,c0,img_93422.jpg
p014,c0,img_96198.jpg
p014,c0,img_95169.jpg
p014,c0,img_34530.jpg
p014,c0,img_2764.jpg
p014,c0,img_80838.jpg
p014,c0,img_54004.jpg
p014,c0,img_8156.jpg
p014,c0,img_98917.jpg
p014,c0,img_55895.jpg
p014,c0,img_67176.jpg
p014,c0,img_6326.jpg
p014,c0,img_66711.jpg
p014,c0,img_42001.jpg
p014,c0,img_2064.jpg
p014,c0,img_23182.jpg
p014,c0,img_47225.jpg
p014,c0,img_47393.jpg
p014,c0,img_35474.jpg
p014,c0,img_8954.jpg
p014,c0,img_99179.jpg
p014,c0,img_49875.jpg
p014,c0,img_35908.jpg
p014,c0,img_31778.jpg
p014,c0,img_37897.jpg
p014,c0,img_40457.jpg
p014,c0,img_5605.jpg
p014,c0,img_98068.jpg
p014,c0,img_4447.jpg
p014,c0,img_4450.jpg
p014,c0,img_40967.jpg
p014,c0,img_22519.jpg
p014,c0,img_7828.jpg
p014,c0,img_53191.jpg
p014,c0,img_46190.jpg
p014,c0,img_17359.jpg
p014,c0,img_1005.jpg
p014,c0,img_41017.jpg
p014,c0,img_23996.jpg
p014,c0,img_55791.jpg
p014,c0,img_95735.jpg
p014,c0,img_67027.jpg
p014,c0,img_95086.jpg
p014,c0,img_89168.jpg
p014,c0,img_25389.jpg
p014,c0,img_26701.jpg
p014,c0,img_68180.jpg
p014,c0,img_31479.jpg
p014,c0,img_42232.jpg
p014,c0,img_67429.jpg
p014,c0,img_92464.jpg
p014,c0,img_97281.jpg
p014,c0,img_67041.jpg
p014,c0,img_86599.jpg
p014,c0,img_1078.jpg
p014,c0,img_58289.jpg
p014,c0,img_90747.jpg
p014,c0,img_47847.jpg
p014,c0,img_48062.jpg
p014,c0,img_41096.jpg
p014,c0,img_24984.jpg
p014,c0,img_80259.jpg
p014,c0,img_7415.jpg
p014,c0,img_60373.jpg
p014,c0,img_45304.jpg
p014,c0,img_91624.jpg
p014,c0,img_59598.jpg
p014,c0,img_64461.jpg
p014,c0,img_70787.jpg
p014,c0,img_89051.jpg
p014,c0,img_55385.jpg
p014,c0,img_22499.jpg
p014,c0,img_44627.jpg
p014,c0,img_38539.jpg
p014,c0,img_27414.jpg
p014,c2,img_64745.jpg
p014,c2,img_72914.jpg
p014,c2,img_14363.jpg
p014,c2,img_92491.jpg
p014,c2,img_15069.jpg
p014,c2,img_20295.jpg
p014,c2,img_69428.jpg
p014,c2,img_81800.jpg
p014,c2,img_31740.jpg
p014,c2,img_32934.jpg
p014,c2,img_86001.jpg
p014,c2,img_69693.jpg
p014,c2,img_79195.jpg
p014,c2,img_381.jpg
p014,c2,img_24704.jpg
p014,c2,img_18891.jpg
p014,c2,img_14042.jpg
p014,c2,img_59705.jpg
p014,c2,img_52690.jpg
p014,c2,img_26136.jpg
p014,c2,img_54950.jpg
p014,c2,img_38486.jpg
p014,c2,img_61790.jpg
p014,c2,img_32525.jpg
p014,c2,img_1521.jpg
p014,c2,img_28258.jpg
p014,c2,img_47230.jpg
p014,c2,img_5018.jpg
p014,c2,img_25993.jpg
p014,c2,img_33669.jpg
p014,c2,img_97243.jpg
p014,c2,img_44050.jpg
p014,c2,img_74961.jpg
p014,c2,img_93720.jpg
p014,c2,img_5235.jpg
p014,c2,img_9230.jpg
p014,c2,img_72680.jpg
p014,c2,img_80800.jpg
p014,c2,img_20625.jpg
p014,c2,img_53127.jpg
p014,c2,img_10768.jpg
p014,c2,img_91559.jpg
p014,c2,img_90163.jpg
p014,c2,img_73143.jpg
p014,c2,img_65756.jpg
p014,c2,img_37269.jpg
p014,c2,img_32667.jpg
p014,c2,img_69721.jpg
p014,c2,img_90036.jpg
p014,c2,img_12410.jpg
p014,c2,img_51989.jpg
p014,c2,img_3741.jpg
p014,c2,img_58411.jpg
p014,c2,img_46496.jpg
p014,c2,img_25258.jpg
p014,c2,img_99824.jpg
p014,c2,img_1504.jpg
p014,c2,img_18144.jpg
p014,c2,img_69900.jpg
p014,c2,img_24240.jpg
p014,c2,img_39826.jpg
p014,c2,img_48228.jpg
p014,c2,img_45228.jpg
p014,c2,img_39809.jpg
p014,c2,img_19360.jpg
p014,c2,img_54759.jpg
p014,c2,img_69113.jpg
p014,c2,img_12740.jpg
p014,c2,img_9070.jpg
p014,c2,img_5179.jpg
p014,c2,img_49198.jpg
p014,c2,img_99502.jpg
p014,c2,img_88563.jpg
p014,c2,img_59935.jpg
p014,c2,img_86222.jpg
p014,c2,img_71529.jpg
p014,c2,img_60945.jpg
p014,c2,img_91676.jpg
p014,c2,img_271.jpg
p014,c2,img_52141.jpg
p014,c2,img_37310.jpg
p014,c2,img_87230.jpg
p014,c2,img_68372.jpg
p014,c2,img_40126.jpg
p014,c2,img_32455.jpg
p014,c2,img_45950.jpg
p014,c2,img_45539.jpg
p014,c2,img_80566.jpg
p014,c2,img_91009.jpg
p014,c2,img_20644.jpg
p014,c2,img_64261.jpg
p014,c2,img_21596.jpg
p014,c2,img_90385.jpg
p014,c2,img_66370.jpg
p014,c2,img_72579.jpg
p014,c2,img_84473.jpg
p014,c2,img_10277.jpg
p014,c2,img_45293.jpg
p014,c2,img_13994.jpg
p014,c2,img_53796.jpg
p014,c3,img_98826.jpg
p014,c3,img_98867.jpg
p014,c3,img_24776.jpg
p014,c3,img_51345.jpg
p014,c3,img_55398.jpg
p014,c3,img_86284.jpg
p014,c3,img_60065.jpg
p014,c3,img_22147.jpg
p014,c3,img_83693.jpg
p014,c3,img_27520.jpg
p014,c3,img_22511.jpg
p014,c3,img_46654.jpg
p014,c3,img_54235.jpg
p014,c3,img_52041.jpg
p014,c3,img_4483.jpg
p014,c3,img_35600.jpg
p014,c3,img_40012.jpg
p014,c3,img_47377.jpg
p014,c3,img_95723.jpg
p014,c3,img_40278.jpg
p014,c3,img_56276.jpg
p014,c3,img_79688.jpg
p014,c3,img_26317.jpg
p014,c3,img_77591.jpg
p014,c3,img_60343.jpg
p014,c3,img_92259.jpg
p014,c3,img_35180.jpg
p014,c3,img_28432.jpg
p014,c3,img_31811.jpg
p014,c3,img_83211.jpg
p014,c3,img_93634.jpg
p014,c3,img_39526.jpg
p014,c3,img_12011.jpg
p014,c3,img_41927.jpg
p014,c3,img_62048.jpg
p014,c3,img_72476.jpg
p014,c3,img_57618.jpg
p014,c3,img_41902.jpg
p014,c3,img_93131.jpg
p014,c3,img_60408.jpg
p014,c3,img_53667.jpg
p014,c3,img_50088.jpg
p014,c3,img_58803.jpg
p014,c3,img_79080.jpg
p014,c3,img_73861.jpg
p014,c3,img_1153.jpg
p014,c3,img_52921.jpg
p014,c3,img_14187.jpg
p014,c3,img_95370.jpg
p014,c3,img_27703.jpg
p014,c3,img_9225.jpg
p014,c3,img_17550.jpg
p014,c3,img_81974.jpg
p014,c3,img_1145.jpg
p014,c3,img_64639.jpg
p014,c3,img_26337.jpg
p014,c3,img_101035.jpg
p014,c3,img_13964.jpg
p014,c3,img_90231.jpg
p014,c3,img_72130.jpg
p014,c3,img_46285.jpg
p014,c3,img_95496.jpg
p014,c3,img_34001.jpg
p014,c3,img_56539.jpg
p014,c3,img_97080.jpg
p014,c3,img_53889.jpg
p014,c3,img_81138.jpg
p014,c3,img_89740.jpg
p014,c3,img_36150.jpg
p014,c3,img_4087.jpg
p014,c3,img_216.jpg
p014,c3,img_99727.jpg
p014,c3,img_84682.jpg
p014,c3,img_96851.jpg
p014,c3,img_13211.jpg
p014,c3,img_69741.jpg
p014,c3,img_19194.jpg
p014,c3,img_9157.jpg
p014,c3,img_13607.jpg
p014,c3,img_84368.jpg
p014,c3,img_66849.jpg
p014,c3,img_13863.jpg
p014,c3,img_27653.jpg
p014,c3,img_66954.jpg
p014,c3,img_19987.jpg
p014,c3,img_96837.jpg
p014,c3,img_21527.jpg
p014,c3,img_58380.jpg
p014,c3,img_63750.jpg
p014,c3,img_40857.jpg
p014,c3,img_15717.jpg
p014,c3,img_43590.jpg
p014,c3,img_101856.jpg
p014,c3,img_25864.jpg
p014,c3,img_51394.jpg
p014,c3,img_96401.jpg
p014,c3,img_24818.jpg
p014,c3,img_12557.jpg
p014,c3,img_86509.jpg
p014,c3,img_36270.jpg
p014,c4,img_7875.jpg
p014,c4,img_77156.jpg
p014,c4,img_53210.jpg
p014,c4,img_83623.jpg
p014,c4,img_101476.jpg
p014,c4,img_83850.jpg
p014,c4,img_83871.jpg
p014,c4,img_66435.jpg
p014,c4,img_3821.jpg
p014,c4,img_2322.jpg
p014,c4,img_74576.jpg
p014,c4,img_27095.jpg
p014,c4,img_51193.jpg
p014,c4,img_66833.jpg
p014,c4,img_9963.jpg
p014,c4,img_96966.jpg
p014,c4,img_66351.jpg
p014,c4,img_50121.jpg
p014,c4,img_56350.jpg
p014,c4,img_13244.jpg
p014,c4,img_35987.jpg
p014,c4,img_12319.jpg
p014,c4,img_87370.jpg
p014,c4,img_80502.jpg
p014,c4,img_70644.jpg
p014,c4,img_55810.jpg
p014,c4,img_67180.jpg
p014,c4,img_84224.jpg
p014,c4,img_73164.jpg
p014,c4,img_34646.jpg
p014,c4,img_17808.jpg
p014,c4,img_33450.jpg
p014,c4,img_16925.jpg
p014,c4,img_23408.jpg
p014,c4,img_99871.jpg
p014,c4,img_37171.jpg
p014,c4,img_57333.jpg
p014,c4,img_87180.jpg
p014,c4,img_97621.jpg
p014,c4,img_72153.jpg
p014,c4,img_45938.jpg
p014,c4,img_71390.jpg
p014,c4,img_19561.jpg
p014,c4,img_17369.jpg
p014,c4,img_56611.jpg
p014,c4,img_16030.jpg
p014,c4,img_47020.jpg
p014,c4,img_59426.jpg
p014,c4,img_56272.jpg
p014,c4,img_29411.jpg
p014,c4,img_64909.jpg
p014,c4,img_59706.jpg
p014,c4,img_76773.jpg
p014,c4,img_64386.jpg
p014,c4,img_41693.jpg
p014,c4,img_87547.jpg
p014,c4,img_63990.jpg
p014,c4,img_16500.jpg
p014,c4,img_62412.jpg
p014,c4,img_55675.jpg
p014,c4,img_63308.jpg
p014,c4,img_101920.jpg
p014,c4,img_99540.jpg
p014,c4,img_25361.jpg
p014,c4,img_60902.jpg
p014,c4,img_42954.jpg
p014,c4,img_81594.jpg
p014,c4,img_91158.jpg
p014,c4,img_25187.jpg
p014,c4,img_40976.jpg
p014,c4,img_91710.jpg
p014,c4,img_40258.jpg
p014,c4,img_65073.jpg
p014,c4,img_58837.jpg
p014,c4,img_93609.jpg
p014,c4,img_47057.jpg
p014,c4,img_23517.jpg
p014,c4,img_84579.jpg
p014,c4,img_69592.jpg
p014,c4,img_61208.jpg
p014,c4,img_53650.jpg
p014,c4,img_102128.jpg
p014,c4,img_45930.jpg
p014,c4,img_66703.jpg
p014,c4,img_69722.jpg
p014,c4,img_84987.jpg
p014,c4,img_967.jpg
p014,c4,img_68087.jpg
p014,c4,img_8251.jpg
p014,c4,img_52257.jpg
p014,c4,img_42753.jpg
p014,c4,img_568.jpg
p014,c4,img_50642.jpg
p014,c4,img_15617.jpg
p014,c4,img_98578.jpg
p014,c4,img_79286.jpg
p014,c4,img_24893.jpg
p014,c4,img_97888.jpg
p014,c4,img_79824.jpg
p014,c4,img_55985.jpg
p014,c4,img_18203.jpg
p014,c4,img_71169.jpg
p014,c4,img_82074.jpg
p014,c5,img_13547.jpg
p014,c5,img_44091.jpg
p014,c5,img_54782.jpg
p014,c5,img_70250.jpg
p014,c5,img_34859.jpg
p014,c5,img_81253.jpg
p014,c5,img_98623.jpg
p014,c5,img_85335.jpg
p014,c5,img_28635.jpg
p014,c5,img_20360.jpg
p014,c5,img_25949.jpg
p014,c5,img_83873.jpg
p014,c5,img_51395.jpg
p014,c5,img_11526.jpg
p014,c5,img_36152.jpg
p014,c5,img_34504.jpg
p014,c5,img_84428.jpg
p014,c5,img_26622.jpg
p014,c5,img_46997.jpg
p014,c5,img_91255.jpg
p014,c5,img_2130.jpg
p014,c5,img_69090.jpg
p014,c5,img_93468.jpg
p014,c5,img_68287.jpg
p014,c5,img_81819.jpg
p014,c5,img_27774.jpg
p014,c5,img_4147.jpg
p014,c5,img_16915.jpg
p014,c5,img_52213.jpg
p014,c5,img_28973.jpg
p014,c5,img_95711.jpg
p014,c5,img_19934.jpg
p014,c5,img_4344.jpg
p014,c5,img_16491.jpg
p014,c5,img_77895.jpg
p014,c5,img_65653.jpg
p014,c5,img_81929.jpg
p014,c5,img_11781.jpg
p014,c5,img_32131.jpg
p014,c5,img_12538.jpg
p014,c5,img_27652.jpg
p014,c5,img_15947.jpg
p014,c5,img_87416.jpg
p014,c5,img_12301.jpg
p014,c5,img_29599.jpg
p014,c5,img_57437.jpg
p014,c5,img_20816.jpg
p014,c5,img_7484.jpg
p014,c5,img_95577.jpg
p014,c5,img_36505.jpg
p014,c5,img_7306.jpg
p014,c5,img_67577.jpg
p014,c5,img_39324.jpg
p014,c5,img_96301.jpg
p014,c5,img_91132.jpg
p014,c5,img_34650.jpg
p014,c5,img_92952.jpg
p014,c5,img_40205.jpg
p014,c5,img_21433.jpg
p014,c5,img_59276.jpg
p014,c5,img_66246.jpg
p014,c5,img_8050.jpg
p014,c5,img_4372.jpg
p014,c5,img_42661.jpg
p014,c5,img_25017.jpg
p014,c5,img_19818.jpg
p014,c5,img_41357.jpg
p014,c5,img_2198.jpg
p014,c5,img_30592.jpg
p014,c5,img_72174.jpg
p014,c5,img_11830.jpg
p014,c5,img_69860.jpg
p014,c5,img_87081.jpg
p014,c5,img_39429.jpg
p014,c5,img_57479.jpg
p014,c5,img_19331.jpg
p014,c5,img_86725.jpg
p014,c5,img_37497.jpg
p014,c5,img_10202.jpg
p014,c5,img_24547.jpg
p014,c5,img_51724.jpg
p014,c5,img_35614.jpg
p014,c5,img_69003.jpg
p014,c5,img_37319.jpg
p014,c5,img_80315.jpg
p014,c5,img_1191.jpg
p014,c5,img_33799.jpg
p014,c5,img_92627.jpg
p014,c5,img_58584.jpg
p014,c5,img_77970.jpg
p014,c5,img_24781.jpg
p014,c5,img_33610.jpg
p014,c5,img_76155.jpg
p014,c5,img_19162.jpg
p014,c5,img_27083.jpg
p014,c5,img_34121.jpg
p014,c5,img_55376.jpg
p014,c5,img_4083.jpg
p014,c5,img_58594.jpg
p014,c5,img_50894.jpg
p014,c5,img_85453.jpg
p014,c5,img_40013.jpg
p015,c0,img_48693.jpg
p015,c0,img_44903.jpg
p015,c0,img_58514.jpg
p015,c0,img_62307.jpg
p015,c0,img_83984.jpg
p015,c0,img_91199.jpg
p015,c0,img_9484.jpg
p015,c0,img_48931.jpg
p015,c0,img_48886.jpg
p015,c0,img_86427.jpg
p015,c0,img_91696.jpg
p015,c0,img_69086.jpg
p015,c0,img_95339.jpg
p015,c0,img_39641.jpg
p015,c0,img_71674.jpg
p015,c0,img_36808.jpg
p015,c0,img_5519.jpg
p015,c0,img_47384.jpg
p015,c0,img_86851.jpg
p015,c0,img_68379.jpg
p015,c0,img_60553.jpg
p015,c0,img_36445.jpg
p015,c0,img_51537.jpg
p015,c0,img_56181.jpg
p015,c0,img_16467.jpg
p015,c0,img_82101.jpg
p015,c0,img_95056.jpg
p015,c0,img_94133.jpg
p015,c0,img_12237.jpg
p015,c0,img_80630.jpg
p015,c0,img_10582.jpg
p015,c0,img_14621.jpg
p015,c0,img_14970.jpg
p015,c0,img_74672.jpg
p015,c0,img_100026.jpg
p015,c0,img_83502.jpg
p015,c0,img_93917.jpg
p015,c0,img_92507.jpg
p015,c0,img_12017.jpg
p015,c0,img_61415.jpg
p015,c0,img_2205.jpg
p015,c0,img_85798.jpg
p015,c0,img_39595.jpg
p015,c0,img_24291.jpg
p015,c0,img_22411.jpg
p015,c0,img_87735.jpg
p015,c0,img_27901.jpg
p015,c0,img_51736.jpg
p015,c0,img_1063.jpg
p015,c0,img_86533.jpg
p015,c0,img_79538.jpg
p015,c0,img_88057.jpg
p015,c0,img_73279.jpg
p015,c0,img_4020.jpg
p015,c0,img_19401.jpg
p015,c0,img_71452.jpg
p015,c0,img_37346.jpg
p015,c0,img_81517.jpg
p015,c0,img_56056.jpg
p015,c0,img_39067.jpg
p015,c0,img_101175.jpg
p015,c0,img_57075.jpg
p015,c0,img_27997.jpg
p015,c0,img_28215.jpg
p015,c0,img_15197.jpg
p015,c0,img_28185.jpg
p015,c0,img_95245.jpg
p015,c0,img_58791.jpg
p015,c0,img_85940.jpg
p015,c0,img_50618.jpg
p015,c0,img_46441.jpg
p015,c0,img_7031.jpg
p015,c0,img_97027.jpg
p015,c0,img_2113.jpg
p015,c0,img_51478.jpg
p015,c0,img_5237.jpg
p015,c0,img_10314.jpg
p015,c0,img_43958.jpg
p015,c0,img_41859.jpg
p015,c2,img_6283.jpg
p015,c2,img_48034.jpg
p015,c2,img_19275.jpg
p015,c2,img_36309.jpg
p015,c2,img_88985.jpg
p015,c2,img_26714.jpg
p015,c2,img_89023.jpg
p015,c2,img_78815.jpg
p015,c2,img_61702.jpg
p015,c2,img_63804.jpg
p015,c2,img_22384.jpg
p015,c2,img_13420.jpg
p015,c2,img_51594.jpg
p015,c2,img_32133.jpg
p015,c2,img_88485.jpg
p015,c2,img_90847.jpg
p015,c2,img_42132.jpg
p015,c2,img_67408.jpg
p015,c2,img_13623.jpg
p015,c2,img_9193.jpg
p015,c2,img_34964.jpg
p015,c2,img_31212.jpg
p015,c2,img_25551.jpg
p015,c2,img_44691.jpg
p015,c2,img_26979.jpg
p015,c2,img_99377.jpg
p015,c2,img_97977.jpg
p015,c2,img_67222.jpg
p015,c2,img_85172.jpg
p015,c2,img_77393.jpg
p015,c2,img_52819.jpg
p015,c2,img_42259.jpg
p015,c2,img_16918.jpg
p015,c2,img_66767.jpg
p015,c2,img_4913.jpg
p015,c2,img_78052.jpg
p015,c2,img_19951.jpg
p015,c2,img_24630.jpg
p015,c2,img_91506.jpg
p015,c2,img_66221.jpg
p015,c2,img_52774.jpg
p015,c2,img_16161.jpg
p015,c2,img_29726.jpg
p015,c2,img_41294.jpg
p015,c2,img_61565.jpg
p015,c2,img_95591.jpg
p015,c2,img_86027.jpg
p015,c2,img_26277.jpg
p015,c2,img_26588.jpg
p015,c2,img_55162.jpg
p015,c2,img_97132.jpg
p015,c2,img_48638.jpg
p015,c2,img_13601.jpg
p015,c2,img_69156.jpg
p015,c2,img_81125.jpg
p015,c2,img_98607.jpg
p015,c2,img_59138.jpg
p015,c2,img_48117.jpg
p015,c2,img_50818.jpg
p015,c2,img_57358.jpg
p015,c2,img_32644.jpg
p015,c2,img_79469.jpg
p015,c2,img_48607.jpg
p015,c2,img_17645.jpg
p015,c2,img_22414.jpg
p015,c2,img_7452.jpg
p015,c2,img_79370.jpg
p015,c2,img_4850.jpg
p015,c2,img_92681.jpg
p015,c2,img_23792.jpg
p015,c2,img_95684.jpg
p015,c2,img_12723.jpg
p015,c2,img_8270.jpg
p015,c2,img_11704.jpg
p015,c2,img_13469.jpg
p015,c2,img_10108.jpg
p015,c2,img_78892.jpg
p015,c2,img_90276.jpg
p015,c2,img_13963.jpg
p015,c2,img_66850.jpg
p015,c2,img_86557.jpg
p015,c2,img_92271.jpg
p015,c2,img_30589.jpg
p015,c2,img_9050.jpg
p015,c2,img_81428.jpg
p015,c2,img_76850.jpg
p015,c2,img_60810.jpg
p015,c2,img_98556.jpg
p015,c3,img_71831.jpg
p015,c3,img_70705.jpg
p015,c3,img_21510.jpg
p015,c3,img_38684.jpg
p015,c3,img_17291.jpg
p015,c3,img_84716.jpg
p015,c3,img_95266.jpg
p015,c3,img_63556.jpg
p015,c3,img_89871.jpg
p015,c3,img_91351.jpg
p015,c3,img_77390.jpg
p015,c3,img_97164.jpg
p015,c3,img_5733.jpg
p015,c3,img_81202.jpg
p015,c3,img_79948.jpg
p015,c3,img_74030.jpg
p015,c3,img_14322.jpg
p015,c3,img_53253.jpg
p015,c3,img_1317.jpg
p015,c3,img_27693.jpg
p015,c3,img_57488.jpg
p015,c3,img_79928.jpg
p015,c3,img_62805.jpg
p015,c3,img_64858.jpg
p015,c3,img_95385.jpg
p015,c3,img_82715.jpg
p015,c3,img_87816.jpg
p015,c3,img_46718.jpg
p015,c3,img_11605.jpg
p015,c3,img_68570.jpg
p015,c3,img_14229.jpg
p015,c3,img_25950.jpg
p015,c3,img_30529.jpg
p015,c3,img_2437.jpg
p015,c3,img_80737.jpg
p015,c3,img_96767.jpg
p015,c3,img_40624.jpg
p015,c3,img_26152.jpg
p015,c3,img_50800.jpg
p015,c3,img_2178.jpg
p015,c3,img_74265.jpg
p015,c3,img_73580.jpg
p015,c3,img_31731.jpg
p015,c3,img_60136.jpg
p015,c3,img_7943.jpg
p015,c3,img_78611.jpg
p015,c3,img_33825.jpg
p015,c3,img_56028.jpg
p015,c3,img_29878.jpg
p015,c3,img_96949.jpg
p015,c3,img_61390.jpg
p015,c3,img_56831.jpg
p015,c3,img_80807.jpg
p015,c3,img_53140.jpg
p015,c3,img_34078.jpg
p015,c3,img_55565.jpg
p015,c3,img_62590.jpg
p015,c3,img_81707.jpg
p015,c3,img_22854.jpg
p015,c3,img_73929.jpg
p015,c3,img_18495.jpg
p015,c3,img_59937.jpg
p015,c3,img_53537.jpg
p015,c3,img_80645.jpg
p015,c3,img_36691.jpg
p015,c3,img_35253.jpg
p015,c3,img_97013.jpg
p015,c3,img_20055.jpg
p015,c3,img_15577.jpg
p015,c3,img_88347.jpg
p015,c3,img_72479.jpg
p015,c3,img_61314.jpg
p015,c3,img_61559.jpg
p015,c3,img_20352.jpg
p015,c3,img_20438.jpg
p015,c3,img_72702.jpg
p015,c3,img_20685.jpg
p015,c3,img_7574.jpg
p015,c3,img_13412.jpg
p015,c3,img_43483.jpg
p015,c3,img_42551.jpg
p015,c3,img_47698.jpg
p015,c3,img_70860.jpg
p015,c3,img_33673.jpg
p015,c3,img_31218.jpg
p015,c3,img_24033.jpg
p015,c3,img_46159.jpg
p015,c3,img_98446.jpg
p015,c3,img_68877.jpg
p015,c3,img_52682.jpg
p015,c3,img_26965.jpg
p015,c3,img_64039.jpg
p015,c3,img_48278.jpg
p015,c3,img_4799.jpg
p015,c4,img_73258.jpg
p015,c4,img_50429.jpg
p015,c4,img_51146.jpg
p015,c4,img_24154.jpg
p015,c4,img_31684.jpg
p015,c4,img_100778.jpg
p015,c4,img_2071.jpg
p015,c4,img_36357.jpg
p015,c4,img_12333.jpg
p015,c4,img_41379.jpg
p015,c4,img_12476.jpg
p015,c4,img_58436.jpg
p015,c4,img_53991.jpg
p015,c4,img_68963.jpg
p015,c4,img_54866.jpg
p015,c4,img_25501.jpg
p015,c4,img_20169.jpg
p015,c4,img_70764.jpg
p015,c4,img_42776.jpg
p015,c4,img_87639.jpg
p015,c4,img_42719.jpg
p015,c4,img_58155.jpg
p015,c4,img_84158.jpg
p015,c4,img_60279.jpg
p015,c4,img_6903.jpg
p015,c4,img_79534.jpg
p015,c4,img_32112.jpg
p015,c4,img_43076.jpg
p015,c4,img_19383.jpg
p015,c4,img_65601.jpg
p015,c4,img_75932.jpg
p015,c4,img_77239.jpg
p015,c4,img_55438.jpg
p015,c4,img_34824.jpg
p015,c4,img_65880.jpg
p015,c4,img_89800.jpg
p015,c4,img_85268.jpg
p015,c4,img_70345.jpg
p015,c4,img_30767.jpg
p015,c4,img_25641.jpg
p015,c4,img_53858.jpg
p015,c4,img_70346.jpg
p015,c4,img_27957.jpg
p015,c4,img_67631.jpg
p015,c4,img_38647.jpg
p015,c4,img_55701.jpg
p015,c4,img_84406.jpg
p015,c4,img_55673.jpg
p015,c4,img_26781.jpg
p015,c4,img_45614.jpg
p015,c4,img_4777.jpg
p015,c4,img_39475.jpg
p015,c4,img_35990.jpg
p015,c4,img_59480.jpg
p015,c4,img_99622.jpg
p015,c4,img_80417.jpg
p015,c4,img_31886.jpg
p015,c4,img_33752.jpg
p015,c4,img_52406.jpg
p015,c4,img_76757.jpg
p015,c4,img_41188.jpg
p015,c4,img_62980.jpg
p015,c4,img_71730.jpg
p015,c4,img_24186.jpg
p015,c4,img_61495.jpg
p015,c4,img_77581.jpg
p015,c4,img_60673.jpg
p015,c4,img_85134.jpg
p015,c4,img_4250.jpg
p015,c4,img_84045.jpg
p015,c4,img_7858.jpg
p015,c4,img_46670.jpg
p015,c4,img_89589.jpg
p015,c4,img_6972.jpg
p015,c4,img_91951.jpg
p015,c4,img_40588.jpg
p015,c4,img_40257.jpg
p015,c4,img_19617.jpg
p015,c4,img_30307.jpg
p015,c4,img_79352.jpg
p015,c4,img_53663.jpg
p015,c4,img_11304.jpg
p015,c4,img_96526.jpg
p015,c4,img_97609.jpg
p015,c4,img_95845.jpg
p015,c4,img_59246.jpg
p015,c4,img_27270.jpg
p015,c4,img_93875.jpg
p015,c4,img_96871.jpg
p015,c4,img_22137.jpg
p015,c4,img_93987.jpg
p015,c4,img_69881.jpg
p015,c4,img_84120.jpg
p015,c4,img_50829.jpg
p015,c4,img_7199.jpg
p015,c4,img_49163.jpg
p015,c4,img_24986.jpg
p015,c4,img_60021.jpg
p015,c4,img_71984.jpg
p015,c4,img_45093.jpg
p015,c4,img_2443.jpg
p015,c5,img_16473.jpg
p015,c5,img_98395.jpg
p015,c5,img_48960.jpg
p015,c5,img_11239.jpg
p015,c5,img_69206.jpg
p015,c5,img_27951.jpg
p015,c5,img_66932.jpg
p015,c5,img_48918.jpg
p015,c5,img_74795.jpg
p015,c5,img_72087.jpg
p015,c5,img_51081.jpg
p015,c5,img_12150.jpg
p015,c5,img_43191.jpg
p015,c5,img_74620.jpg
p015,c5,img_50576.jpg
p015,c5,img_69353.jpg
p015,c5,img_48714.jpg
p015,c5,img_46260.jpg
p015,c5,img_58108.jpg
p015,c5,img_85337.jpg
p015,c5,img_56330.jpg
p015,c5,img_66680.jpg
p015,c5,img_99151.jpg
p015,c5,img_9410.jpg
p015,c5,img_12910.jpg
p015,c5,img_87464.jpg
p015,c5,img_62657.jpg
p015,c5,img_93847.jpg
p015,c5,img_52293.jpg
p015,c5,img_36211.jpg
p015,c5,img_43449.jpg
p015,c5,img_45933.jpg
p015,c5,img_8763.jpg
p015,c5,img_51205.jpg
p015,c5,img_9234.jpg
p015,c5,img_5584.jpg
p015,c5,img_101030.jpg
p015,c5,img_85782.jpg
p015,c5,img_20809.jpg
p015,c5,img_98499.jpg
p015,c5,img_7331.jpg
p015,c5,img_3308.jpg
p015,c5,img_18541.jpg
p015,c5,img_21242.jpg
p015,c5,img_26350.jpg
p015,c5,img_77185.jpg
p015,c5,img_1395.jpg
p015,c5,img_57264.jpg
p015,c5,img_39972.jpg
p015,c5,img_75849.jpg
p015,c5,img_78633.jpg
p015,c5,img_32438.jpg
p015,c5,img_14369.jpg
p015,c5,img_99526.jpg
p015,c5,img_48583.jpg
p015,c5,img_12645.jpg
p015,c5,img_89209.jpg
p015,c5,img_94685.jpg
p015,c5,img_1821.jpg
p015,c5,img_15377.jpg
p015,c5,img_63078.jpg
p015,c5,img_90055.jpg
p015,c5,img_60593.jpg
p015,c5,img_35159.jpg
p015,c5,img_84394.jpg
p015,c5,img_91738.jpg
p015,c5,img_6238.jpg
p015,c5,img_735.jpg
p015,c5,img_78531.jpg
p015,c5,img_26156.jpg
p015,c5,img_23383.jpg
p015,c5,img_3709.jpg
p015,c5,img_66681.jpg
p015,c5,img_29442.jpg
p015,c5,img_20063.jpg
p015,c5,img_48441.jpg
p015,c5,img_40903.jpg
p015,c5,img_2369.jpg
p015,c5,img_70226.jpg
p015,c5,img_49918.jpg
p015,c5,img_87654.jpg
p015,c5,img_38331.jpg
p015,c5,img_15797.jpg
p015,c5,img_86242.jpg
p015,c5,img_56105.jpg
p015,c5,img_32772.jpg
p015,c5,img_62632.jpg
p015,c5,img_55575.jpg
p015,c5,img_13895.jpg
p015,c5,img_96671.jpg
p015,c5,img_88929.jpg
p015,c5,img_97595.jpg
p015,c5,img_42981.jpg
p015,c5,img_63.jpg
p015,c5,img_38979.jpg
p015,c5,img_59701.jpg
p015,c5,img_100932.jpg
p015,c5,img_81302.jpg
p015,c5,img_38670.jpg
p015,c5,img_55310.jpg
p015,c5,img_67316.jpg
p016,c0,img_51066.jpg
p016,c0,img_19066.jpg
p016,c0,img_13965.jpg
p016,c0,img_12053.jpg
p016,c0,img_23592.jpg
p016,c0,img_57898.jpg
p016,c0,img_47068.jpg
p016,c0,img_7276.jpg
p016,c0,img_95830.jpg
p016,c0,img_69376.jpg
p016,c0,img_94690.jpg
p016,c0,img_32510.jpg
p016,c0,img_85416.jpg
p016,c0,img_84397.jpg
p016,c0,img_3730.jpg
p016,c0,img_62095.jpg
p016,c0,img_55604.jpg
p016,c0,img_80458.jpg
p016,c0,img_35627.jpg
p016,c0,img_39113.jpg
p016,c0,img_24864.jpg
p016,c0,img_83780.jpg
p016,c0,img_17594.jpg
p016,c0,img_8670.jpg
p016,c0,img_43433.jpg
p016,c0,img_63832.jpg
p016,c0,img_84114.jpg
p016,c0,img_84935.jpg
p016,c0,img_29656.jpg
p016,c0,img_67547.jpg
p016,c0,img_23580.jpg
p016,c0,img_93904.jpg
p016,c0,img_19246.jpg
p016,c0,img_85906.jpg
p016,c0,img_8031.jpg
p016,c0,img_35443.jpg
p016,c0,img_51346.jpg
p016,c0,img_31110.jpg
p016,c0,img_30453.jpg
p016,c0,img_52653.jpg
p016,c0,img_47017.jpg
p016,c0,img_8264.jpg
p016,c0,img_20601.jpg
p016,c0,img_53250.jpg
p016,c0,img_73162.jpg
p016,c0,img_95649.jpg
p016,c0,img_35917.jpg
p016,c0,img_74771.jpg
p016,c0,img_74116.jpg
p016,c0,img_48589.jpg
p016,c0,img_10327.jpg
p016,c0,img_89621.jpg
p016,c0,img_54750.jpg
p016,c0,img_49623.jpg
p016,c0,img_57969.jpg
p016,c0,img_80117.jpg
p016,c0,img_69861.jpg
p016,c0,img_25535.jpg
p016,c0,img_61788.jpg
p016,c0,img_65047.jpg
p016,c0,img_8081.jpg
p016,c0,img_92164.jpg
p016,c0,img_92936.jpg
p016,c0,img_59566.jpg
p016,c0,img_35976.jpg
p016,c0,img_88409.jpg
p016,c0,img_72865.jpg
p016,c0,img_54337.jpg
p016,c0,img_11061.jpg
p016,c0,img_53234.jpg
p016,c0,img_59077.jpg
p016,c0,img_96311.jpg
p016,c0,img_83391.jpg
p016,c0,img_69408.jpg
p016,c0,img_24009.jpg
p016,c0,img_40652.jpg
p016,c0,img_40332.jpg
p016,c0,img_42387.jpg
p016,c0,img_69407.jpg
p016,c0,img_45276.jpg
p016,c0,img_63493.jpg
p016,c0,img_65425.jpg
p016,c0,img_68304.jpg
p016,c0,img_19505.jpg
p016,c0,img_95306.jpg
p016,c0,img_29245.jpg
p016,c0,img_80294.jpg
p016,c0,img_38276.jpg
p016,c0,img_93894.jpg
p016,c0,img_74762.jpg
p016,c0,img_24917.jpg
p016,c0,img_1746.jpg
p016,c0,img_33405.jpg
p016,c0,img_15565.jpg
p016,c0,img_69094.jpg
p016,c0,img_43079.jpg
p016,c0,img_43304.jpg
p016,c0,img_52332.jpg
p016,c0,img_14680.jpg
p016,c0,img_95862.jpg
p016,c0,img_43226.jpg
p016,c0,img_28293.jpg
p016,c0,img_63349.jpg
p016,c0,img_59338.jpg
p016,c0,img_22702.jpg
p016,c0,img_36151.jpg
p016,c0,img_20948.jpg
p016,c0,img_73463.jpg
p016,c0,img_60098.jpg
p016,c0,img_22287.jpg
p016,c0,img_49827.jpg
p016,c2,img_84591.jpg
p016,c2,img_25955.jpg
p016,c2,img_54317.jpg
p016,c2,img_71718.jpg
p016,c2,img_91962.jpg
p016,c2,img_530.jpg
p016,c2,img_33460.jpg
p016,c2,img_89652.jpg
p016,c2,img_25337.jpg
p016,c2,img_34658.jpg
p016,c2,img_36398.jpg
p016,c2,img_51217.jpg
p016,c2,img_1703.jpg
p016,c2,img_42211.jpg
p016,c2,img_7228.jpg
p016,c2,img_41980.jpg
p016,c2,img_62163.jpg
p016,c2,img_46158.jpg
p016,c2,img_2810.jpg
p016,c2,img_84142.jpg
p016,c2,img_37694.jpg
p016,c2,img_53768.jpg
p016,c2,img_908.jpg
p016,c2,img_9843.jpg
p016,c2,img_38858.jpg
p016,c2,img_42032.jpg
p016,c2,img_33975.jpg
p016,c2,img_55903.jpg
p016,c2,img_60124.jpg
p016,c2,img_51509.jpg
p016,c2,img_48125.jpg
p016,c2,img_77863.jpg
p016,c2,img_50040.jpg
p016,c2,img_98790.jpg
p016,c2,img_28043.jpg
p016,c2,img_87889.jpg
p016,c2,img_84776.jpg
p016,c2,img_30131.jpg
p016,c2,img_22277.jpg
p016,c2,img_18441.jpg
p016,c2,img_38685.jpg
p016,c2,img_74436.jpg
p016,c2,img_29734.jpg
p016,c2,img_15240.jpg
p016,c2,img_68961.jpg
p016,c2,img_55415.jpg
p016,c2,img_66916.jpg
p016,c2,img_7834.jpg
p016,c2,img_17388.jpg
p016,c2,img_15876.jpg
p016,c2,img_1595.jpg
p016,c2,img_85849.jpg
p016,c2,img_38657.jpg
p016,c2,img_94253.jpg
p016,c2,img_94677.jpg
p016,c2,img_15916.jpg
p016,c2,img_39052.jpg
p016,c2,img_65501.jpg
p016,c2,img_21235.jpg
p016,c2,img_37999.jpg
p016,c2,img_7491.jpg
p016,c2,img_85095.jpg
p016,c2,img_59859.jpg
p016,c2,img_73240.jpg
p016,c2,img_19501.jpg
p016,c2,img_60764.jpg
p016,c2,img_40763.jpg
p016,c2,img_61235.jpg
p016,c2,img_46076.jpg
p016,c2,img_83144.jpg
p016,c2,img_95299.jpg
p016,c2,img_97465.jpg
p016,c2,img_64426.jpg
p016,c2,img_91222.jpg
p016,c2,img_50119.jpg
p016,c2,img_94307.jpg
p016,c2,img_92697.jpg
p016,c2,img_27958.jpg
p016,c2,img_24504.jpg
p016,c2,img_72824.jpg
p016,c2,img_42430.jpg
p016,c2,img_100646.jpg
p016,c2,img_77299.jpg
p016,c2,img_83223.jpg
p016,c2,img_36162.jpg
p016,c2,img_14031.jpg
p016,c2,img_46808.jpg
p016,c2,img_86953.jpg
p016,c2,img_44326.jpg
p016,c2,img_81797.jpg
p016,c2,img_97502.jpg
p016,c2,img_20463.jpg
p016,c2,img_2640.jpg
p016,c2,img_87043.jpg
p016,c2,img_89931.jpg
p016,c2,img_70939.jpg
p016,c2,img_15655.jpg
p016,c2,img_100682.jpg
p016,c2,img_79011.jpg
p016,c2,img_44500.jpg
p016,c2,img_1891.jpg
p016,c3,img_33615.jpg
p016,c3,img_77421.jpg
p016,c3,img_21555.jpg
p016,c3,img_43648.jpg
p016,c3,img_14081.jpg
p016,c3,img_54444.jpg
p016,c3,img_7367.jpg
p016,c3,img_101163.jpg
p016,c3,img_80462.jpg
p016,c3,img_72391.jpg
p016,c3,img_9364.jpg
p016,c3,img_82071.jpg
p016,c3,img_57656.jpg
p016,c3,img_69940.jpg
p016,c3,img_32792.jpg
p016,c3,img_3078.jpg
p016,c3,img_71939.jpg
p016,c3,img_48360.jpg
p016,c3,img_83878.jpg
p016,c3,img_101449.jpg
p016,c3,img_99413.jpg
p016,c3,img_92146.jpg
p016,c3,img_44312.jpg
p016,c3,img_74516.jpg
p016,c3,img_21071.jpg
p016,c3,img_20573.jpg
p016,c3,img_99906.jpg
p016,c3,img_70732.jpg
p016,c3,img_1273.jpg
p016,c3,img_92779.jpg
p016,c3,img_61624.jpg
p016,c3,img_98031.jpg
p016,c3,img_71945.jpg
p016,c3,img_62936.jpg
p016,c3,img_7075.jpg
p016,c3,img_14690.jpg
p016,c3,img_14264.jpg
p016,c3,img_74697.jpg
p016,c3,img_74405.jpg
p016,c3,img_27884.jpg
p016,c3,img_56440.jpg
p016,c3,img_36122.jpg
p016,c3,img_30369.jpg
p016,c3,img_81102.jpg
p016,c3,img_30042.jpg
p016,c3,img_24370.jpg
p016,c3,img_68160.jpg
p016,c3,img_53246.jpg
p016,c3,img_51097.jpg
p016,c3,img_4287.jpg
p016,c3,img_87937.jpg
p016,c3,img_24057.jpg
p016,c3,img_98946.jpg
p016,c3,img_82302.jpg
p016,c3,img_93903.jpg
p016,c3,img_63540.jpg
p016,c3,img_88895.jpg
p016,c3,img_17322.jpg
p016,c3,img_19028.jpg
p016,c3,img_72963.jpg
p016,c3,img_19771.jpg
p016,c3,img_45285.jpg
p016,c3,img_96649.jpg
p016,c3,img_4106.jpg
p016,c3,img_92750.jpg
p016,c3,img_76902.jpg
p016,c3,img_39868.jpg
p016,c3,img_17741.jpg
p016,c3,img_11177.jpg
p016,c3,img_48384.jpg
p016,c3,img_9709.jpg
p016,c3,img_79052.jpg
p016,c3,img_80916.jpg
p016,c3,img_17268.jpg
p016,c3,img_17454.jpg
p016,c3,img_48832.jpg
p016,c3,img_63813.jpg
p016,c3,img_5260.jpg
p016,c3,img_74540.jpg
p016,c3,img_14278.jpg
p016,c3,img_62421.jpg
p016,c3,img_21680.jpg
p016,c3,img_93934.jpg
p016,c3,img_19402.jpg
p016,c3,img_86219.jpg
p016,c3,img_23052.jpg
p016,c3,img_22142.jpg
p016,c3,img_16755.jpg
p016,c3,img_16169.jpg
p016,c3,img_34712.jpg
p016,c3,img_5207.jpg
p016,c3,img_74430.jpg
p016,c3,img_68237.jpg
p016,c3,img_16866.jpg
p016,c3,img_80975.jpg
p016,c3,img_21818.jpg
p016,c3,img_23667.jpg
p016,c3,img_23297.jpg
p016,c3,img_8987.jpg
p016,c3,img_392.jpg
p016,c3,img_26985.jpg
p016,c3,img_67646.jpg
p016,c3,img_84246.jpg
p016,c3,img_75034.jpg
p016,c3,img_88171.jpg
p016,c3,img_77964.jpg
p016,c3,img_99480.jpg
p016,c3,img_75725.jpg
p016,c3,img_6899.jpg
p016,c3,img_6799.jpg
p016,c3,img_47421.jpg
p016,c3,img_59270.jpg
p016,c3,img_38708.jpg
p016,c3,img_51204.jpg
p016,c3,img_17120.jpg
p016,c3,img_44737.jpg
p016,c3,img_100419.jpg
p016,c3,img_55817.jpg
p016,c3,img_83446.jpg
p016,c3,img_62894.jpg
p016,c3,img_1759.jpg
p016,c3,img_27859.jpg
p016,c3,img_83568.jpg
p016,c3,img_72736.jpg
p016,c3,img_2770.jpg
p016,c3,img_7122.jpg
p016,c3,img_79239.jpg
p016,c3,img_51917.jpg
p016,c4,img_18417.jpg
p016,c4,img_55953.jpg
p016,c4,img_73132.jpg
p016,c4,img_40612.jpg
p016,c4,img_6313.jpg
p016,c4,img_38982.jpg
p016,c4,img_10116.jpg
p016,c4,img_76395.jpg
p016,c4,img_25861.jpg
p016,c4,img_14035.jpg
p016,c4,img_18709.jpg
p016,c4,img_89957.jpg
p016,c4,img_35340.jpg
p016,c4,img_90722.jpg
p016,c4,img_42407.jpg
p016,c4,img_10765.jpg
p016,c4,img_96012.jpg
p016,c4,img_74296.jpg
p016,c4,img_59455.jpg
p016,c4,img_96595.jpg
p016,c4,img_34480.jpg
p016,c4,img_85121.jpg
p016,c4,img_49340.jpg
p016,c4,img_33276.jpg
p016,c4,img_72446.jpg
p016,c4,img_70122.jpg
p016,c4,img_89727.jpg
p016,c4,img_49492.jpg
p016,c4,img_84202.jpg
p016,c4,img_99811.jpg
p016,c4,img_42600.jpg
p016,c4,img_2589.jpg
p016,c4,img_58147.jpg
p016,c4,img_31041.jpg
p016,c4,img_25036.jpg
p016,c4,img_57460.jpg
p016,c4,img_50534.jpg
p016,c4,img_19902.jpg
p016,c4,img_68567.jpg
p016,c4,img_64790.jpg
p016,c4,img_36318.jpg
p016,c4,img_97891.jpg
p016,c4,img_93565.jpg
p016,c4,img_14370.jpg
p016,c4,img_58465.jpg
p016,c4,img_10103.jpg
p016,c4,img_31046.jpg
p016,c4,img_2583.jpg
p016,c4,img_25566.jpg
p016,c4,img_66089.jpg
p016,c4,img_43363.jpg
p016,c4,img_67338.jpg
p016,c4,img_89665.jpg
p016,c4,img_32355.jpg
p016,c4,img_28277.jpg
p016,c4,img_51960.jpg
p016,c4,img_32056.jpg
p016,c4,img_37912.jpg
p016,c4,img_88671.jpg
p016,c4,img_44833.jpg
p016,c4,img_27295.jpg
p016,c4,img_79551.jpg
p016,c4,img_64316.jpg
p016,c4,img_78761.jpg
p016,c4,img_52050.jpg
p016,c4,img_65472.jpg
p016,c4,img_26067.jpg
p016,c4,img_26790.jpg
p016,c4,img_22856.jpg
p016,c4,img_4006.jpg
p016,c4,img_76958.jpg
p016,c4,img_21810.jpg
p016,c4,img_72913.jpg
p016,c4,img_4748.jpg
p016,c4,img_29422.jpg
p016,c4,img_38882.jpg
p016,c4,img_68215.jpg
p016,c4,img_6355.jpg
p016,c4,img_22132.jpg
p016,c4,img_87734.jpg
p016,c4,img_45195.jpg
p016,c4,img_47888.jpg
p016,c4,img_26915.jpg
p016,c4,img_67671.jpg
p016,c4,img_19167.jpg
p016,c4,img_57835.jpg
p016,c4,img_31375.jpg
p016,c4,img_41962.jpg
p016,c4,img_67218.jpg
p016,c4,img_95260.jpg
p016,c4,img_58149.jpg
p016,c4,img_100870.jpg
p016,c4,img_5553.jpg
p016,c4,img_66478.jpg
p016,c4,img_664.jpg
p016,c4,img_62125.jpg
p016,c4,img_81039.jpg
p016,c4,img_30435.jpg
p016,c4,img_57877.jpg
p016,c4,img_80041.jpg
p016,c4,img_57786.jpg
p016,c4,img_50455.jpg
p016,c4,img_38216.jpg
p016,c4,img_7629.jpg
p016,c5,img_29372.jpg
p016,c5,img_18585.jpg
p016,c5,img_52288.jpg
p016,c5,img_21879.jpg
p016,c5,img_48210.jpg
p016,c5,img_93004.jpg
p016,c5,img_77082.jpg
p016,c5,img_43509.jpg
p016,c5,img_42126.jpg
p016,c5,img_85101.jpg
p016,c5,img_85240.jpg
p016,c5,img_64798.jpg
p016,c5,img_34758.jpg
p016,c5,img_1467.jpg
p016,c5,img_94088.jpg
p016,c5,img_67648.jpg
p016,c5,img_97449.jpg
p016,c5,img_51694.jpg
p016,c5,img_100638.jpg
p016,c5,img_53740.jpg
p016,c5,img_87484.jpg
p016,c5,img_89131.jpg
p016,c5,img_38841.jpg
p016,c5,img_49686.jpg
p016,c5,img_80970.jpg
p016,c5,img_28045.jpg
p016,c5,img_91070.jpg
p016,c5,img_27875.jpg
p016,c5,img_65373.jpg
p016,c5,img_24576.jpg
p016,c5,img_69053.jpg
p016,c5,img_54407.jpg
p016,c5,img_90982.jpg
p016,c5,img_18066.jpg
p016,c5,img_13006.jpg
p016,c5,img_60298.jpg
p016,c5,img_54916.jpg
p016,c5,img_61368.jpg
p016,c5,img_11616.jpg
p016,c5,img_32823.jpg
p016,c5,img_78787.jpg
p016,c5,img_58457.jpg
p016,c5,img_4676.jpg
p016,c5,img_28392.jpg
p016,c5,img_83106.jpg
p016,c5,img_54212.jpg
p016,c5,img_20164.jpg
p016,c5,img_72085.jpg
p016,c5,img_16159.jpg
p016,c5,img_25545.jpg
p016,c5,img_34845.jpg
p016,c5,img_56754.jpg
p016,c5,img_5924.jpg
p016,c5,img_97039.jpg
p016,c5,img_29438.jpg
p016,c5,img_75985.jpg
p016,c5,img_85478.jpg
p016,c5,img_93438.jpg
p016,c5,img_20750.jpg
p016,c5,img_50440.jpg
p016,c5,img_40712.jpg
p016,c5,img_99307.jpg
p016,c5,img_86958.jpg
p016,c5,img_97572.jpg
p016,c5,img_27849.jpg
p016,c5,img_4105.jpg
p016,c5,img_62344.jpg
p016,c5,img_14418.jpg
p016,c5,img_41236.jpg
p016,c5,img_82232.jpg
p016,c5,img_66864.jpg
p016,c5,img_32967.jpg
p016,c5,img_89630.jpg
p016,c5,img_20624.jpg
p016,c5,img_42196.jpg
p016,c5,img_15335.jpg
p016,c5,img_90646.jpg
p016,c5,img_71661.jpg
p016,c5,img_87268.jpg
p016,c5,img_73957.jpg
p016,c5,img_9276.jpg
p016,c5,img_5451.jpg
p016,c5,img_3180.jpg
p016,c5,img_44851.jpg
p016,c5,img_13330.jpg
p016,c5,img_13044.jpg
p016,c5,img_8286.jpg
p016,c5,img_74964.jpg
p016,c5,img_55510.jpg
p016,c5,img_34552.jpg
p016,c5,img_52289.jpg
p016,c5,img_81822.jpg
p016,c5,img_69636.jpg
p016,c5,img_42317.jpg
p016,c5,img_34110.jpg
p016,c5,img_67330.jpg
p016,c5,img_31481.jpg
p016,c5,img_75380.jpg
p016,c5,img_81772.jpg
p016,c5,img_40308.jpg
p016,c5,img_39118.jpg
p016,c5,img_88700.jpg
p016,c5,img_88448.jpg
p016,c5,img_100027.jpg
p021,c0,img_58285.jpg
p021,c0,img_31808.jpg
p021,c0,img_34091.jpg
p021,c0,img_17767.jpg
p021,c0,img_2528.jpg
p021,c0,img_18895.jpg
p021,c0,img_24692.jpg
p021,c0,img_83000.jpg
p021,c0,img_64413.jpg
p021,c0,img_31460.jpg
p021,c0,img_51849.jpg
p021,c0,img_59569.jpg
p021,c0,img_73830.jpg
p021,c0,img_52101.jpg
p021,c0,img_24638.jpg
p021,c0,img_94283.jpg
p021,c0,img_42798.jpg
p021,c0,img_95525.jpg
p021,c0,img_45572.jpg
p021,c0,img_42578.jpg
p021,c0,img_31461.jpg
p021,c0,img_35515.jpg
p021,c0,img_6396.jpg
p021,c0,img_62643.jpg
p021,c0,img_41078.jpg
p021,c0,img_70073.jpg
p021,c0,img_99086.jpg
p021,c0,img_91903.jpg
p021,c0,img_65491.jpg
p021,c0,img_80290.jpg
p021,c0,img_51918.jpg
p021,c0,img_35642.jpg
p021,c0,img_39380.jpg
p021,c0,img_74317.jpg
p021,c0,img_45499.jpg
p021,c0,img_4054.jpg
p021,c0,img_98275.jpg
p021,c0,img_71196.jpg
p021,c0,img_948.jpg
p021,c0,img_86402.jpg
p021,c0,img_17538.jpg
p021,c0,img_44644.jpg
p021,c0,img_37570.jpg
p021,c0,img_85624.jpg
p021,c0,img_23631.jpg
p021,c0,img_76198.jpg
p021,c0,img_57905.jpg
p021,c0,img_31424.jpg
p021,c0,img_73813.jpg
p021,c0,img_35136.jpg
p021,c0,img_100656.jpg
p021,c0,img_24471.jpg
p021,c0,img_56098.jpg
p021,c0,img_63859.jpg
p021,c0,img_62583.jpg
p021,c0,img_101286.jpg
p021,c0,img_68708.jpg
p021,c0,img_13357.jpg
p021,c0,img_11035.jpg
p021,c0,img_35539.jpg
p021,c0,img_21822.jpg
p021,c0,img_8941.jpg
p021,c0,img_99271.jpg
p021,c0,img_92430.jpg
p021,c0,img_13639.jpg
p021,c0,img_15310.jpg
p021,c0,img_6087.jpg
p021,c0,img_88426.jpg
p021,c0,img_62023.jpg
p021,c0,img_84204.jpg
p021,c0,img_89689.jpg
p021,c0,img_27472.jpg
p021,c0,img_69997.jpg
p021,c0,img_67217.jpg
p021,c0,img_61067.jpg
p021,c0,img_66842.jpg
p021,c0,img_82185.jpg
p021,c0,img_9241.jpg
p021,c0,img_22026.jpg
p021,c0,img_84822.jpg
p021,c0,img_53145.jpg
p021,c0,img_9395.jpg
p021,c0,img_73951.jpg
p021,c0,img_4149.jpg
p021,c0,img_86589.jpg
p021,c0,img_21709.jpg
p021,c0,img_18523.jpg
p021,c0,img_609.jpg
p021,c0,img_28286.jpg
p021,c0,img_99651.jpg
p021,c0,img_7829.jpg
p021,c0,img_54419.jpg
p021,c0,img_77252.jpg
p021,c0,img_100257.jpg
p021,c0,img_97783.jpg
p021,c0,img_40014.jpg
p021,c0,img_16568.jpg
p021,c0,img_42143.jpg
p021,c0,img_62053.jpg
p021,c0,img_37626.jpg
p021,c0,img_1256.jpg
p021,c0,img_2334.jpg
p021,c0,img_77890.jpg
p021,c0,img_90464.jpg
p021,c0,img_17862.jpg
p021,c0,img_87330.jpg
p021,c0,img_98442.jpg
p021,c0,img_35235.jpg
p021,c0,img_3420.jpg
p021,c0,img_32779.jpg
p021,c0,img_82563.jpg
p021,c0,img_54047.jpg
p021,c0,img_72332.jpg
p021,c0,img_80170.jpg
p021,c0,img_24382.jpg
p021,c0,img_20498.jpg
p021,c0,img_13699.jpg
p021,c0,img_9198.jpg
p021,c0,img_2695.jpg
p021,c0,img_79266.jpg
p021,c0,img_77169.jpg
p021,c0,img_75107.jpg
p021,c0,img_15463.jpg
p021,c0,img_82200.jpg
p021,c0,img_92731.jpg
p021,c0,img_13338.jpg
p021,c0,img_26413.jpg
p021,c0,img_39865.jpg
p021,c0,img_78051.jpg
p021,c0,img_49110.jpg
p021,c0,img_47474.jpg
p021,c0,img_56357.jpg
p021,c0,img_12470.jpg
p021,c0,img_29923.jpg
p021,c0,img_79819.jpg
p021,c2,img_29485.jpg
p021,c2,img_4138.jpg
p021,c2,img_88100.jpg
p021,c2,img_67275.jpg
p021,c2,img_42027.jpg
p021,c2,img_93150.jpg
p021,c2,img_63309.jpg
p021,c2,img_8296.jpg
p021,c2,img_15791.jpg
p021,c2,img_97903.jpg
p021,c2,img_14551.jpg
p021,c2,img_37711.jpg
p021,c2,img_95105.jpg
p021,c2,img_7258.jpg
p021,c2,img_68364.jpg
p021,c2,img_31145.jpg
p021,c2,img_83161.jpg
p021,c2,img_29151.jpg
p021,c2,img_98762.jpg
p021,c2,img_102090.jpg
p021,c2,img_27627.jpg
p021,c2,img_87211.jpg
p021,c2,img_60738.jpg
p021,c2,img_33252.jpg
p021,c2,img_51277.jpg
p021,c2,img_40815.jpg
p021,c2,img_84615.jpg
p021,c2,img_2147.jpg
p021,c2,img_3563.jpg
p021,c2,img_26056.jpg
p021,c2,img_80731.jpg
p021,c2,img_64796.jpg
p021,c2,img_67164.jpg
p021,c2,img_77046.jpg
p021,c2,img_75939.jpg
p021,c2,img_40897.jpg
p021,c2,img_63526.jpg
p021,c2,img_100029.jpg
p021,c2,img_79363.jpg
p021,c2,img_35067.jpg
p021,c2,img_4745.jpg
p021,c2,img_38093.jpg
p021,c2,img_99699.jpg
p021,c2,img_31001.jpg
p021,c2,img_14731.jpg
p021,c2,img_15972.jpg
p021,c2,img_92315.jpg
p021,c2,img_9869.jpg
p021,c2,img_88800.jpg
p021,c2,img_2736.jpg
p021,c2,img_18947.jpg
p021,c2,img_48182.jpg
p021,c2,img_71081.jpg
p021,c2,img_91509.jpg
p021,c2,img_35894.jpg
p021,c2,img_83377.jpg
p021,c2,img_23015.jpg
p021,c2,img_27895.jpg
p021,c2,img_69051.jpg
p021,c2,img_49866.jpg
p021,c2,img_52919.jpg
p021,c2,img_57587.jpg
p021,c2,img_19043.jpg
p021,c2,img_76744.jpg
p021,c2,img_101956.jpg
p021,c2,img_17617.jpg
p021,c2,img_33418.jpg
p021,c2,img_22346.jpg
p021,c2,img_94657.jpg
p021,c2,img_70034.jpg
p021,c2,img_52810.jpg
p021,c2,img_68970.jpg
p021,c2,img_98158.jpg
p021,c2,img_57981.jpg
p021,c2,img_38467.jpg
p021,c2,img_69056.jpg
p021,c2,img_28938.jpg
p021,c2,img_38384.jpg
p021,c2,img_32157.jpg
p021,c2,img_30234.jpg
p021,c2,img_40689.jpg
p021,c2,img_58270.jpg
p021,c2,img_21755.jpg
p021,c2,img_64968.jpg
p021,c2,img_70331.jpg
p021,c2,img_53265.jpg
p021,c2,img_25064.jpg
p021,c2,img_48207.jpg
p021,c2,img_19357.jpg
p021,c2,img_18370.jpg
p021,c2,img_94598.jpg
p021,c2,img_64611.jpg
p021,c2,img_23318.jpg
p021,c2,img_1496.jpg
p021,c2,img_88262.jpg
p021,c2,img_36284.jpg
p021,c2,img_58882.jpg
p021,c2,img_80022.jpg
p021,c2,img_25350.jpg
p021,c2,img_87776.jpg
p021,c2,img_78430.jpg
p021,c2,img_29251.jpg
p021,c2,img_69450.jpg
p021,c2,img_14347.jpg
p021,c2,img_53925.jpg
p021,c2,img_23406.jpg
p021,c2,img_61855.jpg
p021,c2,img_86951.jpg
p021,c2,img_80816.jpg
p021,c2,img_83970.jpg
p021,c2,img_62393.jpg
p021,c2,img_31021.jpg
p021,c2,img_63855.jpg
p021,c2,img_65672.jpg
p021,c2,img_63085.jpg
p021,c2,img_16557.jpg
p021,c2,img_77824.jpg
p021,c2,img_8835.jpg
p021,c2,img_28677.jpg
p021,c2,img_74663.jpg
p021,c2,img_84331.jpg
p021,c2,img_6150.jpg
p021,c2,img_67126.jpg
p021,c2,img_40360.jpg
p021,c2,img_83583.jpg
p021,c2,img_57526.jpg
p021,c2,img_37649.jpg
p021,c3,img_28119.jpg
p021,c3,img_50581.jpg
p021,c3,img_21776.jpg
p021,c3,img_55972.jpg
p021,c3,img_29207.jpg
p021,c3,img_10928.jpg
p021,c3,img_94970.jpg
p021,c3,img_58768.jpg
p021,c3,img_97716.jpg
p021,c3,img_46071.jpg
p021,c3,img_74883.jpg
p021,c3,img_22968.jpg
p021,c3,img_93481.jpg
p021,c3,img_12718.jpg
p021,c3,img_70305.jpg
p021,c3,img_18677.jpg
p021,c3,img_67926.jpg
p021,c3,img_31583.jpg
p021,c3,img_50539.jpg
p021,c3,img_75733.jpg
p021,c3,img_41820.jpg
p021,c3,img_94042.jpg
p021,c3,img_90854.jpg
p021,c3,img_58975.jpg
p021,c3,img_52695.jpg
p021,c3,img_64294.jpg
p021,c3,img_8363.jpg
p021,c3,img_94379.jpg
p021,c3,img_66234.jpg
p021,c3,img_59116.jpg
p021,c3,img_51582.jpg
p021,c3,img_101757.jpg
p021,c3,img_10879.jpg
p021,c3,img_49058.jpg
p021,c3,img_77765.jpg
p021,c3,img_68634.jpg
p021,c3,img_43787.jpg
p021,c3,img_62680.jpg
p021,c3,img_14564.jpg
p021,c3,img_13512.jpg
p021,c3,img_18390.jpg
p021,c3,img_58215.jpg
p021,c3,img_87603.jpg
p021,c3,img_11677.jpg
p021,c3,img_90960.jpg
p021,c3,img_91052.jpg
p021,c3,img_99551.jpg
p021,c3,img_12248.jpg
p021,c3,img_2115.jpg
p021,c3,img_22676.jpg
p021,c3,img_65301.jpg
p021,c3,img_42123.jpg
p021,c3,img_101014.jpg
p021,c3,img_13240.jpg
p021,c3,img_72989.jpg
p021,c3,img_50402.jpg
p021,c3,img_97911.jpg
p021,c3,img_93642.jpg
p021,c3,img_3342.jpg
p021,c3,img_19754.jpg
p021,c3,img_73505.jpg
p021,c3,img_23883.jpg
p021,c3,img_99374.jpg
p021,c3,img_39063.jpg
p021,c3,img_43646.jpg
p021,c3,img_1329.jpg
p021,c3,img_18746.jpg
p021,c3,img_73031.jpg
p021,c3,img_43833.jpg
p021,c3,img_41297.jpg
p021,c3,img_25151.jpg
p021,c3,img_68154.jpg
p021,c3,img_18702.jpg
p021,c3,img_30072.jpg
p021,c3,img_79079.jpg
p021,c3,img_44864.jpg
p021,c3,img_40456.jpg
p021,c3,img_91551.jpg
p021,c3,img_59255.jpg
p021,c3,img_87086.jpg
p021,c3,img_30514.jpg
p021,c3,img_77361.jpg
p021,c3,img_101805.jpg
p021,c3,img_98066.jpg
p021,c3,img_91214.jpg
p021,c3,img_96363.jpg
p021,c3,img_9812.jpg
p021,c3,img_68978.jpg
p021,c3,img_52622.jpg
p021,c3,img_43835.jpg
p021,c3,img_42902.jpg
p021,c3,img_31586.jpg
p021,c3,img_8832.jpg
p021,c3,img_39528.jpg
p021,c3,img_86203.jpg
p021,c3,img_79626.jpg
p021,c3,img_101993.jpg
p021,c3,img_15799.jpg
p021,c3,img_63934.jpg
p021,c3,img_29533.jpg
p021,c3,img_45469.jpg
p021,c3,img_77025.jpg
p021,c3,img_40419.jpg
p021,c3,img_38942.jpg
p021,c3,img_100041.jpg
p021,c3,img_42148.jpg
p021,c3,img_65524.jpg
p021,c3,img_86136.jpg
p021,c3,img_9699.jpg
p021,c3,img_101477.jpg
p021,c3,img_53574.jpg
p021,c3,img_43041.jpg
p021,c3,img_58508.jpg
p021,c3,img_84880.jpg
p021,c3,img_46508.jpg
p021,c3,img_80475.jpg
p021,c3,img_43159.jpg
p021,c3,img_90965.jpg
p021,c3,img_38733.jpg
p021,c3,img_58909.jpg
p021,c3,img_99341.jpg
p021,c3,img_80440.jpg
p021,c3,img_32892.jpg
p021,c3,img_38933.jpg
p021,c3,img_77122.jpg
p021,c3,img_20185.jpg
p021,c3,img_4518.jpg
p021,c3,img_1645.jpg
p021,c4,img_82324.jpg
p021,c4,img_57590.jpg
p021,c4,img_48761.jpg
p021,c4,img_62517.jpg
p021,c4,img_18367.jpg
p021,c4,img_84831.jpg
p021,c4,img_44439.jpg
p021,c4,img_37653.jpg
p021,c4,img_78820.jpg
p021,c4,img_4391.jpg
p021,c4,img_5759.jpg
p021,c4,img_41172.jpg
p021,c4,img_7498.jpg
p021,c4,img_92859.jpg
p021,c4,img_94964.jpg
p021,c4,img_32444.jpg
p021,c4,img_86806.jpg
p021,c4,img_58937.jpg
p021,c4,img_11897.jpg
p021,c4,img_5603.jpg
p021,c4,img_51356.jpg
p021,c4,img_54661.jpg
p021,c4,img_19660.jpg
p021,c4,img_52106.jpg
p021,c4,img_61494.jpg
p021,c4,img_35451.jpg
p021,c4,img_5014.jpg
p021,c4,img_59035.jpg
p021,c4,img_61983.jpg
p021,c4,img_62318.jpg
p021,c4,img_66120.jpg
p021,c4,img_75515.jpg
p021,c4,img_90820.jpg
p021,c4,img_88726.jpg
p021,c4,img_67738.jpg
p021,c4,img_86916.jpg
p021,c4,img_43293.jpg
p021,c4,img_32517.jpg
p021,c4,img_6730.jpg
p021,c4,img_48472.jpg
p021,c4,img_15184.jpg
p021,c4,img_69473.jpg
p021,c4,img_15721.jpg
p021,c4,img_98481.jpg
p021,c4,img_29879.jpg
p021,c4,img_98932.jpg
p021,c4,img_6004.jpg
p021,c4,img_14593.jpg
p021,c4,img_5442.jpg
p021,c4,img_71201.jpg
p021,c4,img_10794.jpg
p021,c4,img_22075.jpg
p021,c4,img_494.jpg
p021,c4,img_85514.jpg
p021,c4,img_79904.jpg
p021,c4,img_28055.jpg
p021,c4,img_33134.jpg
p021,c4,img_76399.jpg
p021,c4,img_87040.jpg
p021,c4,img_28518.jpg
p021,c4,img_56761.jpg
p021,c4,img_39449.jpg
p021,c4,img_86952.jpg
p021,c4,img_66969.jpg
p021,c4,img_61155.jpg
p021,c4,img_16051.jpg
p021,c4,img_75720.jpg
p021,c4,img_89996.jpg
p021,c4,img_86944.jpg
p021,c4,img_94168.jpg
p021,c4,img_75924.jpg
p021,c4,img_88178.jpg
p021,c4,img_70628.jpg
p021,c4,img_28764.jpg
p021,c4,img_99544.jpg
p021,c4,img_48246.jpg
p021,c4,img_37255.jpg
p021,c4,img_44129.jpg
p021,c4,img_1552.jpg
p021,c4,img_10230.jpg
p021,c4,img_19134.jpg
p021,c4,img_11851.jpg
p021,c4,img_22881.jpg
p021,c4,img_51644.jpg
p021,c4,img_20306.jpg
p021,c4,img_4460.jpg
p021,c4,img_41982.jpg
p021,c4,img_98560.jpg
p021,c4,img_73704.jpg
p021,c4,img_32943.jpg
p021,c4,img_30512.jpg
p021,c4,img_20193.jpg
p021,c4,img_2308.jpg
p021,c4,img_15561.jpg
p021,c4,img_99931.jpg
p021,c4,img_91022.jpg
p021,c4,img_97839.jpg
p021,c4,img_81356.jpg
p021,c4,img_74543.jpg
p021,c4,img_23259.jpg
p021,c4,img_16418.jpg
p021,c4,img_34566.jpg
p021,c4,img_93192.jpg
p021,c4,img_6192.jpg
p021,c4,img_17020.jpg
p021,c4,img_71613.jpg
p021,c4,img_92643.jpg
p021,c4,img_4266.jpg
p021,c4,img_60776.jpg
p021,c4,img_15088.jpg
p021,c4,img_73384.jpg
p021,c4,img_79905.jpg
p021,c4,img_20705.jpg
p021,c4,img_1106.jpg
p021,c4,img_6018.jpg
p021,c4,img_16123.jpg
p021,c4,img_49619.jpg
p021,c4,img_1578.jpg
p021,c4,img_33576.jpg
p021,c4,img_18793.jpg
p021,c4,img_82855.jpg
p021,c4,img_75719.jpg
p021,c4,img_101588.jpg
p021,c4,img_96238.jpg
p021,c4,img_15720.jpg
p021,c4,img_78507.jpg
p021,c4,img_42570.jpg
p021,c4,img_15625.jpg
p021,c4,img_93682.jpg
p021,c4,img_68346.jpg
p021,c4,img_21533.jpg
p021,c4,img_81718.jpg
p021,c5,img_75836.jpg
p021,c5,img_100690.jpg
p021,c5,img_50563.jpg
p021,c5,img_1404.jpg
p021,c5,img_9759.jpg
p021,c5,img_10274.jpg
p021,c5,img_46237.jpg
p021,c5,img_37663.jpg
p021,c5,img_81921.jpg
p021,c5,img_78992.jpg
p021,c5,img_71102.jpg
p021,c5,img_26852.jpg
p021,c5,img_36251.jpg
p021,c5,img_76937.jpg
p021,c5,img_52826.jpg
p021,c5,img_20143.jpg
p021,c5,img_57081.jpg
p021,c5,img_26376.jpg
p021,c5,img_51254.jpg
p021,c5,img_45969.jpg
p021,c5,img_96295.jpg
p021,c5,img_12896.jpg
p021,c5,img_99642.jpg
p021,c5,img_44006.jpg
p021,c5,img_44803.jpg
p021,c5,img_8553.jpg
p021,c5,img_32664.jpg
p021,c5,img_45828.jpg
p021,c5,img_86048.jpg
p021,c5,img_64113.jpg
p021,c5,img_51890.jpg
p021,c5,img_47151.jpg
p021,c5,img_51479.jpg
p021,c5,img_31196.jpg
p021,c5,img_75798.jpg
p021,c5,img_50512.jpg
p021,c5,img_13202.jpg
p021,c5,img_91813.jpg
p021,c5,img_94547.jpg
p021,c5,img_74402.jpg
p021,c5,img_57045.jpg
p021,c5,img_22108.jpg
p021,c5,img_68889.jpg
p021,c5,img_101011.jpg
p021,c5,img_99688.jpg
p021,c5,img_65325.jpg
p021,c5,img_41833.jpg
p021,c5,img_34345.jpg
p021,c5,img_10638.jpg
p021,c5,img_44799.jpg
p021,c5,img_40155.jpg
p021,c5,img_73374.jpg
p021,c5,img_37720.jpg
p021,c5,img_49323.jpg
p021,c5,img_90498.jpg
p021,c5,img_57896.jpg
p021,c5,img_10510.jpg
p021,c5,img_87691.jpg
p021,c5,img_87189.jpg
p021,c5,img_61796.jpg
p021,c5,img_55226.jpg
p021,c5,img_47389.jpg
p021,c5,img_92551.jpg
p021,c5,img_72097.jpg
p021,c5,img_80175.jpg
p021,c5,img_74871.jpg
p021,c5,img_31351.jpg
p021,c5,img_35334.jpg
p021,c5,img_49687.jpg
p021,c5,img_77237.jpg
p021,c5,img_57276.jpg
p021,c5,img_24997.jpg
p021,c5,img_84464.jpg
p021,c5,img_54197.jpg
p021,c5,img_34684.jpg
p021,c5,img_66494.jpg
p021,c5,img_57173.jpg
p021,c5,img_33204.jpg
p021,c5,img_21217.jpg
p021,c5,img_37909.jpg
p021,c5,img_77959.jpg
p021,c5,img_76879.jpg
p021,c5,img_15312.jpg
p021,c5,img_11050.jpg
p021,c5,img_40123.jpg
p021,c5,img_28013.jpg
p021,c5,img_35061.jpg
p021,c5,img_44279.jpg
p021,c5,img_53336.jpg
p021,c5,img_17647.jpg
p021,c5,img_98456.jpg
p021,c5,img_26120.jpg
p021,c5,img_11109.jpg
p021,c5,img_13915.jpg
p021,c5,img_80410.jpg
p021,c5,img_55306.jpg
p021,c5,img_11171.jpg
p021,c5,img_7132.jpg
p021,c5,img_96826.jpg
p021,c5,img_7136.jpg
p021,c5,img_38070.jpg
p021,c5,img_70461.jpg
p021,c5,img_48644.jpg
p021,c5,img_96396.jpg
p021,c5,img_13008.jpg
p021,c5,img_58283.jpg
p021,c5,img_24147.jpg
p021,c5,img_96153.jpg
p021,c5,img_36282.jpg
p021,c5,img_30469.jpg
p021,c5,img_4092.jpg
p021,c5,img_30991.jpg
p021,c5,img_57851.jpg
p021,c5,img_42449.jpg
p021,c5,img_80346.jpg
p021,c5,img_8443.jpg
p021,c5,img_64541.jpg
p021,c5,img_101909.jpg
p021,c5,img_99710.jpg
p021,c5,img_75420.jpg
p021,c5,img_82733.jpg
p021,c5,img_89044.jpg
p021,c5,img_79001.jpg
p021,c5,img_8802.jpg
p021,c5,img_58290.jpg
p021,c5,img_61101.jpg
p021,c5,img_31761.jpg
p021,c5,img_72557.jpg
p021,c5,img_87850.jpg
p021,c5,img_30100.jpg
p022,c0,img_25778.jpg
p022,c0,img_4629.jpg
p022,c0,img_38502.jpg
p022,c0,img_80858.jpg
p022,c0,img_20966.jpg
p022,c0,img_47216.jpg
p022,c0,img_33475.jpg
p022,c0,img_86013.jpg
p022,c0,img_57235.jpg
p022,c0,img_70421.jpg
p022,c0,img_80661.jpg
p022,c0,img_45554.jpg
p022,c0,img_76610.jpg
p022,c0,img_35203.jpg
p022,c0,img_80967.jpg
p022,c0,img_35290.jpg
p022,c0,img_98415.jpg
p022,c0,img_85275.jpg
p022,c0,img_29332.jpg
p022,c0,img_79447.jpg
p022,c0,img_31857.jpg
p022,c0,img_15882.jpg
p022,c0,img_24771.jpg
p022,c0,img_67811.jpg
p022,c0,img_35878.jpg
p022,c0,img_27282.jpg
p022,c0,img_65583.jpg
p022,c0,img_100337.jpg
p022,c0,img_74351.jpg
p022,c0,img_52570.jpg
p022,c0,img_69446.jpg
p022,c0,img_32074.jpg
p022,c0,img_45671.jpg
p022,c0,img_58093.jpg
p022,c0,img_88021.jpg
p022,c0,img_95047.jpg
p022,c0,img_50371.jpg
p022,c0,img_96725.jpg
p022,c0,img_88321.jpg
p022,c0,img_23196.jpg
p022,c0,img_40865.jpg
p022,c0,img_79289.jpg
p022,c0,img_59992.jpg
p022,c0,img_28115.jpg
p022,c0,img_24190.jpg
p022,c0,img_100456.jpg
p022,c0,img_68746.jpg
p022,c0,img_36910.jpg
p022,c0,img_9678.jpg
p022,c0,img_58710.jpg
p022,c0,img_31355.jpg
p022,c0,img_316.jpg
p022,c0,img_3432.jpg
p022,c0,img_85194.jpg
p022,c0,img_23910.jpg
p022,c0,img_85885.jpg
p022,c0,img_58679.jpg
p022,c0,img_86407.jpg
p022,c0,img_33800.jpg
p022,c0,img_3726.jpg
p022,c0,img_53025.jpg
p022,c0,img_32486.jpg
p022,c0,img_41958.jpg
p022,c0,img_44422.jpg
p022,c0,img_5232.jpg
p022,c0,img_75414.jpg
p022,c0,img_23082.jpg
p022,c0,img_16035.jpg
p022,c0,img_65599.jpg
p022,c0,img_29868.jpg
p022,c0,img_92947.jpg
p022,c0,img_39681.jpg
p022,c0,img_58104.jpg
p022,c0,img_26502.jpg
p022,c0,img_79262.jpg
p022,c0,img_82934.jpg
p022,c0,img_38088.jpg
p022,c0,img_23231.jpg
p022,c0,img_58456.jpg
p022,c0,img_10003.jpg
p022,c0,img_33238.jpg
p022,c0,img_66010.jpg
p022,c0,img_78263.jpg
p022,c0,img_58950.jpg
p022,c0,img_66814.jpg
p022,c0,img_6614.jpg
p022,c0,img_38377.jpg
p022,c0,img_23144.jpg
p022,c0,img_50577.jpg
p022,c0,img_77846.jpg
p022,c0,img_11532.jpg
p022,c0,img_70429.jpg
p022,c0,img_77738.jpg
p022,c0,img_39956.jpg
p022,c0,img_67092.jpg
p022,c0,img_53698.jpg
p022,c0,img_51078.jpg
p022,c0,img_32810.jpg
p022,c0,img_100050.jpg
p022,c0,img_13628.jpg
p022,c0,img_97792.jpg
p022,c0,img_58541.jpg
p022,c0,img_2704.jpg
p022,c0,img_52670.jpg
p022,c0,img_87969.jpg
p022,c0,img_77595.jpg
p022,c0,img_96136.jpg
p022,c0,img_71758.jpg
p022,c0,img_99461.jpg
p022,c0,img_5329.jpg
p022,c0,img_60026.jpg
p022,c0,img_60651.jpg
p022,c0,img_29877.jpg
p022,c0,img_86642.jpg
p022,c0,img_47634.jpg
p022,c0,img_95810.jpg
p022,c0,img_63842.jpg
p022,c0,img_81971.jpg
p022,c0,img_82122.jpg
p022,c0,img_58938.jpg
p022,c0,img_86795.jpg
p022,c0,img_101032.jpg
p022,c0,img_84418.jpg
p022,c0,img_95760.jpg
p022,c0,img_2805.jpg
p022,c0,img_71768.jpg
p022,c0,img_77315.jpg
p022,c0,img_77713.jpg
p022,c0,img_60928.jpg
p022,c2,img_48628.jpg
p022,c2,img_83860.jpg
p022,c2,img_10269.jpg
p022,c2,img_92409.jpg
p022,c2,img_73007.jpg
p022,c2,img_23404.jpg
p022,c2,img_3555.jpg
p022,c2,img_2518.jpg
p022,c2,img_41722.jpg
p022,c2,img_99658.jpg
p022,c2,img_59105.jpg
p022,c2,img_17030.jpg
p022,c2,img_33951.jpg
p022,c2,img_52671.jpg
p022,c2,img_68369.jpg
p022,c2,img_12099.jpg
p022,c2,img_39193.jpg
p022,c2,img_33264.jpg
p022,c2,img_91561.jpg
p022,c2,img_57399.jpg
p022,c2,img_92669.jpg
p022,c2,img_31037.jpg
p022,c2,img_22345.jpg
p022,c2,img_46056.jpg
p022,c2,img_54809.jpg
p022,c2,img_59106.jpg
p022,c2,img_60348.jpg
p022,c2,img_19584.jpg
p022,c2,img_43841.jpg
p022,c2,img_30548.jpg
p022,c2,img_83104.jpg
p022,c2,img_83289.jpg
p022,c2,img_61842.jpg
p022,c2,img_88098.jpg
p022,c2,img_46599.jpg
p022,c2,img_57389.jpg
p022,c2,img_1805.jpg
p022,c2,img_60911.jpg
p022,c2,img_89936.jpg
p022,c2,img_67501.jpg
p022,c2,img_54455.jpg
p022,c2,img_43644.jpg
p022,c2,img_6421.jpg
p022,c2,img_14390.jpg
p022,c2,img_8927.jpg
p022,c2,img_100176.jpg
p022,c2,img_41219.jpg
p022,c2,img_18903.jpg
p022,c2,img_100471.jpg
p022,c2,img_84527.jpg
p022,c2,img_47257.jpg
p022,c2,img_43732.jpg
p022,c2,img_70097.jpg
p022,c2,img_22651.jpg
p022,c2,img_81511.jpg
p022,c2,img_14717.jpg
p022,c2,img_20028.jpg
p022,c2,img_7143.jpg
p022,c2,img_13350.jpg
p022,c2,img_50575.jpg
p022,c2,img_1428.jpg
p022,c2,img_90357.jpg
p022,c2,img_72365.jpg
p022,c2,img_24515.jpg
p022,c2,img_69982.jpg
p022,c2,img_61715.jpg
p022,c2,img_1441.jpg
p022,c2,img_51301.jpg
p022,c2,img_78428.jpg
p022,c2,img_84080.jpg
p022,c2,img_63706.jpg
p022,c2,img_34358.jpg
p022,c2,img_17962.jpg
p022,c2,img_80014.jpg
p022,c2,img_79728.jpg
p022,c2,img_43028.jpg
p022,c2,img_22119.jpg
p022,c2,img_5021.jpg
p022,c2,img_47301.jpg
p022,c2,img_36872.jpg
p022,c2,img_38429.jpg
p022,c2,img_82351.jpg
p022,c2,img_44633.jpg
p022,c2,img_86860.jpg
p022,c2,img_56229.jpg
p022,c2,img_5275.jpg
p022,c2,img_58777.jpg
p022,c2,img_65970.jpg
p022,c2,img_82560.jpg
p022,c2,img_70357.jpg
p022,c2,img_81448.jpg
p022,c2,img_47096.jpg
p022,c2,img_30296.jpg
p022,c2,img_86566.jpg
p022,c2,img_34008.jpg
p022,c2,img_32237.jpg
p022,c2,img_34386.jpg
p022,c2,img_14040.jpg
p022,c2,img_57965.jpg
p022,c2,img_74251.jpg
p022,c2,img_60663.jpg
p022,c2,img_93567.jpg
p022,c2,img_45353.jpg
p022,c2,img_43213.jpg
p022,c2,img_48035.jpg
p022,c2,img_43297.jpg
p022,c2,img_54034.jpg
p022,c2,img_61167.jpg
p022,c2,img_84276.jpg
p022,c2,img_34137.jpg
p022,c2,img_79445.jpg
p022,c2,img_78070.jpg
p022,c2,img_66890.jpg
p022,c2,img_74708.jpg
p022,c2,img_64645.jpg
p022,c2,img_37546.jpg
p022,c2,img_24557.jpg
p022,c2,img_58982.jpg
p022,c2,img_4908.jpg
p022,c2,img_23672.jpg
p022,c2,img_45937.jpg
p022,c2,img_10681.jpg
p022,c2,img_43560.jpg
p022,c2,img_16988.jpg
p022,c2,img_95456.jpg
p022,c2,img_97380.jpg
p022,c2,img_22102.jpg
p022,c2,img_4663.jpg
p022,c3,img_29731.jpg
p022,c3,img_54876.jpg
p022,c3,img_9142.jpg
p022,c3,img_74323.jpg
p022,c3,img_27273.jpg
p022,c3,img_68128.jpg
p022,c3,img_42248.jpg
p022,c3,img_16407.jpg
p022,c3,img_37444.jpg
p022,c3,img_11126.jpg
p022,c3,img_14803.jpg
p022,c3,img_61078.jpg
p022,c3,img_32433.jpg
p022,c3,img_39962.jpg
p022,c3,img_84100.jpg
p022,c3,img_86197.jpg
p022,c3,img_64856.jpg
p022,c3,img_9858.jpg
p022,c3,img_71961.jpg
p022,c3,img_94218.jpg
p022,c3,img_47635.jpg
p022,c3,img_98324.jpg
p022,c3,img_46161.jpg
p022,c3,img_67892.jpg
p022,c3,img_45114.jpg
p022,c3,img_14530.jpg
p022,c3,img_76001.jpg
p022,c3,img_64891.jpg
p022,c3,img_69876.jpg
p022,c3,img_22012.jpg
p022,c3,img_36283.jpg
p022,c3,img_82932.jpg
p022,c3,img_71619.jpg
p022,c3,img_83710.jpg
p022,c3,img_32160.jpg
p022,c3,img_50531.jpg
p022,c3,img_55192.jpg
p022,c3,img_12347.jpg
p022,c3,img_89368.jpg
p022,c3,img_64063.jpg
p022,c3,img_99007.jpg
p022,c3,img_87608.jpg
p022,c3,img_30118.jpg
p022,c3,img_11023.jpg
p022,c3,img_41848.jpg
p022,c3,img_94344.jpg
p022,c3,img_3201.jpg
p022,c3,img_94232.jpg
p022,c3,img_72215.jpg
p022,c3,img_30976.jpg
p022,c3,img_71374.jpg
p022,c3,img_99896.jpg
p022,c3,img_96950.jpg
p022,c3,img_15274.jpg
p022,c3,img_82918.jpg
p022,c3,img_47378.jpg
p022,c3,img_71022.jpg
p022,c3,img_955.jpg
p022,c3,img_33391.jpg
p022,c3,img_23512.jpg
p022,c3,img_24480.jpg
p022,c3,img_93179.jpg
p022,c3,img_96814.jpg
p022,c3,img_100281.jpg
p022,c3,img_6054.jpg
p022,c3,img_4592.jpg
p022,c3,img_86906.jpg
p022,c3,img_52453.jpg
p022,c3,img_67362.jpg
p022,c3,img_74049.jpg
p022,c3,img_33170.jpg
p022,c3,img_50731.jpg
p022,c3,img_64977.jpg
p022,c3,img_25891.jpg
p022,c3,img_4135.jpg
p022,c3,img_84792.jpg
p022,c3,img_101685.jpg
p022,c3,img_63329.jpg
p022,c3,img_101047.jpg
p022,c3,img_100872.jpg
p022,c3,img_6940.jpg
p022,c3,img_51823.jpg
p022,c3,img_75052.jpg
p022,c3,img_3325.jpg
p022,c3,img_98139.jpg
p022,c3,img_25133.jpg
p022,c3,img_47731.jpg
p022,c3,img_71303.jpg
p022,c3,img_71092.jpg
p022,c3,img_88185.jpg
p022,c3,img_102064.jpg
p022,c3,img_78016.jpg
p022,c3,img_30927.jpg
p022,c3,img_27012.jpg
p022,c3,img_49473.jpg
p022,c3,img_8155.jpg
p022,c3,img_69667.jpg
p022,c3,img_510.jpg
p022,c3,img_96993.jpg
p022,c3,img_44612.jpg
p022,c3,img_65725.jpg
p022,c3,img_39488.jpg
p022,c3,img_68558.jpg
p022,c3,img_51112.jpg
p022,c3,img_65026.jpg
p022,c3,img_92335.jpg
p022,c3,img_93713.jpg
p022,c3,img_31981.jpg
p022,c3,img_3715.jpg
p022,c3,img_15329.jpg
p022,c3,img_48502.jpg
p022,c3,img_86057.jpg
p022,c3,img_2956.jpg
p022,c3,img_73447.jpg
p022,c3,img_101486.jpg
p022,c3,img_81438.jpg
p022,c3,img_23859.jpg
p022,c3,img_70008.jpg
p022,c3,img_63028.jpg
p022,c3,img_40560.jpg
p022,c3,img_94043.jpg
p022,c3,img_88026.jpg
p022,c3,img_23530.jpg
p022,c3,img_35005.jpg
p022,c3,img_23389.jpg
p022,c3,img_73819.jpg
p022,c3,img_89903.jpg
p022,c3,img_95998.jpg
p022,c3,img_56238.jpg
p022,c4,img_38746.jpg
p022,c4,img_87853.jpg
p022,c4,img_83404.jpg
p022,c4,img_36298.jpg
p022,c4,img_60711.jpg
p022,c4,img_62274.jpg
p022,c4,img_91377.jpg
p022,c4,img_87013.jpg
p022,c4,img_61976.jpg
p022,c4,img_79199.jpg
p022,c4,img_53612.jpg
p022,c4,img_48370.jpg
p022,c4,img_97956.jpg
p022,c4,img_45956.jpg
p022,c4,img_84141.jpg
p022,c4,img_10078.jpg
p022,c4,img_48750.jpg
p022,c4,img_61024.jpg
p022,c4,img_53595.jpg
p022,c4,img_80836.jpg
p022,c4,img_20205.jpg
p022,c4,img_28447.jpg
p022,c4,img_74913.jpg
p022,c4,img_74878.jpg
p022,c4,img_26292.jpg
p022,c4,img_16241.jpg
p022,c4,img_18295.jpg
p022,c4,img_82059.jpg
p022,c4,img_42855.jpg
p022,c4,img_8794.jpg
p022,c4,img_11708.jpg
p022,c4,img_24082.jpg
p022,c4,img_26149.jpg
p022,c4,img_19092.jpg
p022,c4,img_28655.jpg
p022,c4,img_1913.jpg
p022,c4,img_33989.jpg
p022,c4,img_19789.jpg
p022,c4,img_59087.jpg
p022,c4,img_97531.jpg
p022,c4,img_95211.jpg
p022,c4,img_27597.jpg
p022,c4,img_23292.jpg
p022,c4,img_17892.jpg
p022,c4,img_16472.jpg
p022,c4,img_49427.jpg
p022,c4,img_85550.jpg
p022,c4,img_3032.jpg
p022,c4,img_25448.jpg
p022,c4,img_43917.jpg
p022,c4,img_20898.jpg
p022,c4,img_69678.jpg
p022,c4,img_68414.jpg
p022,c4,img_22120.jpg
p022,c4,img_35983.jpg
p022,c4,img_44286.jpg
p022,c4,img_22802.jpg
p022,c4,img_55640.jpg
p022,c4,img_41243.jpg
p022,c4,img_89067.jpg
p022,c4,img_53485.jpg
p022,c4,img_58762.jpg
p022,c4,img_61420.jpg
p022,c4,img_54938.jpg
p022,c4,img_6036.jpg
p022,c4,img_41661.jpg
p022,c4,img_101471.jpg
p022,c4,img_50919.jpg
p022,c4,img_4707.jpg
p022,c4,img_732.jpg
p022,c4,img_70567.jpg
p022,c4,img_21140.jpg
p022,c4,img_67677.jpg
p022,c4,img_45867.jpg
p022,c4,img_38764.jpg
p022,c4,img_5543.jpg
p022,c4,img_4561.jpg
p022,c4,img_29784.jpg
p022,c4,img_17531.jpg
p022,c4,img_66068.jpg
p022,c4,img_40185.jpg
p022,c4,img_83020.jpg
p022,c4,img_70816.jpg
p022,c4,img_64476.jpg
p022,c4,img_98950.jpg
p022,c4,img_90881.jpg
p022,c4,img_57690.jpg
p022,c4,img_31984.jpg
p022,c4,img_70710.jpg
p022,c4,img_91159.jpg
p022,c4,img_76128.jpg
p022,c4,img_14703.jpg
p022,c4,img_82593.jpg
p022,c4,img_72538.jpg
p022,c4,img_8691.jpg
p022,c4,img_25495.jpg
p022,c4,img_100808.jpg
p022,c4,img_76466.jpg
p022,c4,img_14611.jpg
p022,c4,img_22315.jpg
p022,c4,img_70991.jpg
p022,c4,img_58178.jpg
p022,c4,img_92727.jpg
p022,c4,img_8951.jpg
p022,c4,img_83309.jpg
p022,c4,img_46079.jpg
p022,c4,img_26388.jpg
p022,c4,img_70266.jpg
p022,c4,img_45550.jpg
p022,c4,img_74371.jpg
p022,c4,img_102147.jpg
p022,c4,img_75001.jpg
p022,c4,img_80081.jpg
p022,c4,img_82230.jpg
p022,c4,img_1740.jpg
p022,c4,img_79215.jpg
p022,c4,img_29224.jpg
p022,c4,img_72477.jpg
p022,c4,img_8599.jpg
p022,c4,img_84614.jpg
p022,c4,img_74647.jpg
p022,c4,img_20156.jpg
p022,c4,img_89569.jpg
p022,c4,img_81637.jpg
p022,c4,img_20049.jpg
p022,c4,img_17545.jpg
p022,c4,img_82806.jpg
p022,c4,img_72226.jpg
p022,c4,img_37173.jpg
p022,c4,img_72499.jpg
p022,c5,img_90980.jpg
p022,c5,img_85433.jpg
p022,c5,img_87155.jpg
p022,c5,img_32428.jpg
p022,c5,img_98856.jpg
p022,c5,img_37637.jpg
p022,c5,img_96495.jpg
p022,c5,img_80373.jpg
p022,c5,img_55045.jpg
p022,c5,img_19609.jpg
p022,c5,img_66261.jpg
p022,c5,img_60922.jpg
p022,c5,img_19588.jpg
p022,c5,img_46529.jpg
p022,c5,img_13299.jpg
p022,c5,img_51182.jpg
p022,c5,img_100695.jpg
p022,c5,img_43595.jpg
p022,c5,img_40870.jpg
p022,c5,img_88339.jpg
p022,c5,img_101023.jpg
p022,c5,img_14446.jpg
p022,c5,img_80508.jpg
p022,c5,img_43164.jpg
p022,c5,img_98978.jpg
p022,c5,img_45818.jpg
p022,c5,img_28412.jpg
p022,c5,img_98971.jpg
p022,c5,img_3360.jpg
p022,c5,img_90547.jpg
p022,c5,img_101526.jpg
p022,c5,img_444.jpg
p022,c5,img_52688.jpg
p022,c5,img_2739.jpg
p022,c5,img_443.jpg
p022,c5,img_71449.jpg
p022,c5,img_92855.jpg
p022,c5,img_82866.jpg
p022,c5,img_94470.jpg
p022,c5,img_73269.jpg
p022,c5,img_10288.jpg
p022,c5,img_100309.jpg
p022,c5,img_52204.jpg
p022,c5,img_81126.jpg
p022,c5,img_13679.jpg
p022,c5,img_99550.jpg
p022,c5,img_93368.jpg
p022,c5,img_91848.jpg
p022,c5,img_33684.jpg
p022,c5,img_102040.jpg
p022,c5,img_99106.jpg
p022,c5,img_3686.jpg
p022,c5,img_46343.jpg
p022,c5,img_11972.jpg
p022,c5,img_18999.jpg
p022,c5,img_27750.jpg
p022,c5,img_38533.jpg
p022,c5,img_75754.jpg
p022,c5,img_51298.jpg
p022,c5,img_59175.jpg
p022,c5,img_100706.jpg
p022,c5,img_29205.jpg
p022,c5,img_97399.jpg
p022,c5,img_14323.jpg
p022,c5,img_55123.jpg
p022,c5,img_24885.jpg
p022,c5,img_86419.jpg
p022,c5,img_97660.jpg
p022,c5,img_5838.jpg
p022,c5,img_76667.jpg
p022,c5,img_17632.jpg
p022,c5,img_23233.jpg
p022,c5,img_94160.jpg
p022,c5,img_95859.jpg
p022,c5,img_98817.jpg
p022,c5,img_60309.jpg
p022,c5,img_82082.jpg
p022,c5,img_75091.jpg
p022,c5,img_21885.jpg
p022,c5,img_101873.jpg
p022,c5,img_52817.jpg
p022,c5,img_4899.jpg
p022,c5,img_39273.jpg
p022,c5,img_41793.jpg
p022,c5,img_89623.jpg
p022,c5,img_6571.jpg
p022,c5,img_60552.jpg
p022,c5,img_72431.jpg
p022,c5,img_26139.jpg
p022,c5,img_63533.jpg
p022,c5,img_90451.jpg
p022,c5,img_1378.jpg
p022,c5,img_16788.jpg
p022,c5,img_40370.jpg
p022,c5,img_60465.jpg
p022,c5,img_1536.jpg
p022,c5,img_27101.jpg
p022,c5,img_33508.jpg
p022,c5,img_33914.jpg
p022,c5,img_29934.jpg
p022,c5,img_32167.jpg
p022,c5,img_65703.jpg
p022,c5,img_79061.jpg
p022,c5,img_22799.jpg
p022,c5,img_49320.jpg
p022,c5,img_14495.jpg
p022,c5,img_66912.jpg
p022,c5,img_27352.jpg
p022,c5,img_54602.jpg
p022,c5,img_60083.jpg
p022,c5,img_86839.jpg
p022,c5,img_60288.jpg
p022,c5,img_101551.jpg
p022,c5,img_91444.jpg
p022,c5,img_17254.jpg
p022,c5,img_54926.jpg
p022,c5,img_31246.jpg
p022,c5,img_6092.jpg
p022,c5,img_97222.jpg
p022,c5,img_27153.jpg
p022,c5,img_22240.jpg
p022,c5,img_70959.jpg
p022,c5,img_21192.jpg
p022,c5,img_71948.jpg
p022,c5,img_21277.jpg
p022,c5,img_621.jpg
p022,c5,img_67317.jpg
p022,c5,img_27548.jpg
p022,c5,img_47711.jpg
p022,c5,img_60274.jpg
p024,c0,img_66836.jpg
p024,c0,img_54333.jpg
p024,c0,img_28120.jpg
p024,c0,img_16380.jpg
p024,c0,img_96670.jpg
p024,c0,img_48426.jpg
p024,c0,img_93047.jpg
p024,c0,img_498.jpg
p024,c0,img_93387.jpg
p024,c0,img_83316.jpg
p024,c0,img_90333.jpg
p024,c0,img_78843.jpg
p024,c0,img_18149.jpg
p024,c0,img_99003.jpg
p024,c0,img_32830.jpg
p024,c0,img_56303.jpg
p024,c0,img_101498.jpg
p024,c0,img_29232.jpg
p024,c0,img_68173.jpg
p024,c0,img_77140.jpg
p024,c0,img_52396.jpg
p024,c0,img_97519.jpg
p024,c0,img_15330.jpg
p024,c0,img_53535.jpg
p024,c0,img_19429.jpg
p024,c0,img_7547.jpg
p024,c0,img_18339.jpg
p024,c0,img_90146.jpg
p024,c0,img_81588.jpg
p024,c0,img_64975.jpg
p024,c0,img_26975.jpg
p024,c0,img_25378.jpg
p024,c0,img_86323.jpg
p024,c0,img_97758.jpg
p024,c0,img_71176.jpg
p024,c0,img_96818.jpg
p024,c0,img_48028.jpg
p024,c0,img_18837.jpg
p024,c0,img_81350.jpg
p024,c0,img_1039.jpg
p024,c0,img_87609.jpg
p024,c0,img_84206.jpg
p024,c0,img_8543.jpg
p024,c0,img_15759.jpg
p024,c0,img_86237.jpg
p024,c0,img_10997.jpg
p024,c0,img_68261.jpg
p024,c0,img_96159.jpg
p024,c0,img_77644.jpg
p024,c0,img_96393.jpg
p024,c0,img_12238.jpg
p024,c0,img_7819.jpg
p024,c0,img_52419.jpg
p024,c0,img_8160.jpg
p024,c0,img_28760.jpg
p024,c0,img_68913.jpg
p024,c0,img_86347.jpg
p024,c0,img_66694.jpg
p024,c0,img_33193.jpg
p024,c0,img_78852.jpg
p024,c0,img_36893.jpg
p024,c0,img_23890.jpg
p024,c0,img_11658.jpg
p024,c0,img_32901.jpg
p024,c0,img_68066.jpg
p024,c0,img_81194.jpg
p024,c0,img_90347.jpg
p024,c0,img_14395.jpg
p024,c0,img_49069.jpg
p024,c0,img_82355.jpg
p024,c0,img_11273.jpg
p024,c0,img_40086.jpg
p024,c0,img_68652.jpg
p024,c0,img_30854.jpg
p024,c0,img_92795.jpg
p024,c0,img_87946.jpg
p024,c0,img_17152.jpg
p024,c0,img_61458.jpg
p024,c0,img_45238.jpg
p024,c0,img_44280.jpg
p024,c0,img_45095.jpg
p024,c0,img_98494.jpg
p024,c0,img_51933.jpg
p024,c0,img_88169.jpg
p024,c0,img_81441.jpg
p024,c0,img_99478.jpg
p024,c0,img_44883.jpg
p024,c0,img_59708.jpg
p024,c0,img_92725.jpg
p024,c0,img_36138.jpg
p024,c0,img_21174.jpg
p024,c0,img_82610.jpg
p024,c0,img_18953.jpg
p024,c0,img_48794.jpg
p024,c0,img_38720.jpg
p024,c0,img_24289.jpg
p024,c0,img_5028.jpg
p024,c0,img_88849.jpg
p024,c0,img_64622.jpg
p024,c0,img_47472.jpg
p024,c0,img_89692.jpg
p024,c0,img_80310.jpg
p024,c0,img_46624.jpg
p024,c0,img_60355.jpg
p024,c0,img_80939.jpg
p024,c0,img_32326.jpg
p024,c0,img_59145.jpg
p024,c0,img_39146.jpg
p024,c0,img_101609.jpg
p024,c0,img_4704.jpg
p024,c0,img_20746.jpg
p024,c0,img_30243.jpg
p024,c0,img_46421.jpg
p024,c0,img_62484.jpg
p024,c0,img_37410.jpg
p024,c0,img_76252.jpg
p024,c0,img_73555.jpg
p024,c0,img_52394.jpg
p024,c0,img_61139.jpg
p024,c0,img_16254.jpg
p024,c0,img_62207.jpg
p024,c0,img_59232.jpg
p024,c0,img_94962.jpg
p024,c0,img_95774.jpg
p024,c0,img_23578.jpg
p024,c0,img_67110.jpg
p024,c0,img_61299.jpg
p024,c0,img_48593.jpg
p024,c0,img_49480.jpg
p024,c0,img_9457.jpg
p024,c2,img_5107.jpg
p024,c2,img_80857.jpg
p024,c2,img_84836.jpg
p024,c2,img_37871.jpg
p024,c2,img_71476.jpg
p024,c2,img_19045.jpg
p024,c2,img_93998.jpg
p024,c2,img_83355.jpg
p024,c2,img_91634.jpg
p024,c2,img_17046.jpg
p024,c2,img_59251.jpg
p024,c2,img_60728.jpg
p024,c2,img_50755.jpg
p024,c2,img_55690.jpg
p024,c2,img_12128.jpg
p024,c2,img_44804.jpg
p024,c2,img_44567.jpg
p024,c2,img_73876.jpg
p024,c2,img_30223.jpg
p024,c2,img_87136.jpg
p024,c2,img_78643.jpg
p024,c2,img_39805.jpg
p024,c2,img_90899.jpg
p024,c2,img_28483.jpg
p024,c2,img_9348.jpg
p024,c2,img_46399.jpg
p024,c2,img_63742.jpg
p024,c2,img_53833.jpg
p024,c2,img_66860.jpg
p024,c2,img_2761.jpg
p024,c2,img_21835.jpg
p024,c2,img_59967.jpg
p024,c2,img_43436.jpg
p024,c2,img_97535.jpg
p024,c2,img_95705.jpg
p024,c2,img_80296.jpg
p024,c2,img_80848.jpg
p024,c2,img_54315.jpg
p024,c2,img_21426.jpg
p024,c2,img_4185.jpg
p024,c2,img_71583.jpg
p024,c2,img_42533.jpg
p024,c2,img_13132.jpg
p024,c2,img_46711.jpg
p024,c2,img_92381.jpg
p024,c2,img_49266.jpg
p024,c2,img_79302.jpg
p024,c2,img_15661.jpg
p024,c2,img_76261.jpg
p024,c2,img_12369.jpg
p024,c2,img_56250.jpg
p024,c2,img_14997.jpg
p024,c2,img_60135.jpg
p024,c2,img_69355.jpg
p024,c2,img_15786.jpg
p024,c2,img_513.jpg
p024,c2,img_88495.jpg
p024,c2,img_64307.jpg
p024,c2,img_70906.jpg
p024,c2,img_96710.jpg
p024,c2,img_87987.jpg
p024,c2,img_2124.jpg
p024,c2,img_74452.jpg
p024,c2,img_92614.jpg
p024,c2,img_75345.jpg
p024,c2,img_85024.jpg
p024,c2,img_28943.jpg
p024,c2,img_65669.jpg
p024,c2,img_101373.jpg
p024,c2,img_64778.jpg
p024,c2,img_56565.jpg
p024,c2,img_13203.jpg
p024,c2,img_51879.jpg
p024,c2,img_100897.jpg
p024,c2,img_71838.jpg
p024,c2,img_10324.jpg
p024,c2,img_22735.jpg
p024,c2,img_80099.jpg
p024,c2,img_85642.jpg
p024,c2,img_23725.jpg
p024,c2,img_91356.jpg
p024,c2,img_72822.jpg
p024,c2,img_36812.jpg
p024,c2,img_60192.jpg
p024,c2,img_19676.jpg
p024,c2,img_76970.jpg
p024,c2,img_37894.jpg
p024,c2,img_61731.jpg
p024,c2,img_19255.jpg
p024,c2,img_90482.jpg
p024,c2,img_91844.jpg
p024,c2,img_17703.jpg
p024,c2,img_96354.jpg
p024,c2,img_25103.jpg
p024,c2,img_92885.jpg
p024,c2,img_39730.jpg
p024,c2,img_92230.jpg
p024,c2,img_19890.jpg
p024,c2,img_59884.jpg
p024,c2,img_76496.jpg
p024,c2,img_69264.jpg
p024,c2,img_65446.jpg
p024,c2,img_17572.jpg
p024,c2,img_37552.jpg
p024,c2,img_79007.jpg
p024,c2,img_33177.jpg
p024,c2,img_54371.jpg
p024,c2,img_34293.jpg
p024,c2,img_74020.jpg
p024,c2,img_32640.jpg
p024,c2,img_89012.jpg
p024,c2,img_76017.jpg
p024,c2,img_84773.jpg
p024,c2,img_37867.jpg
p024,c2,img_64545.jpg
p024,c2,img_88164.jpg
p024,c2,img_17918.jpg
p024,c2,img_35149.jpg
p024,c2,img_70056.jpg
p024,c2,img_74617.jpg
p024,c2,img_19191.jpg
p024,c2,img_49746.jpg
p024,c2,img_73202.jpg
p024,c2,img_56267.jpg
p024,c2,img_24473.jpg
p024,c2,img_2700.jpg
p024,c2,img_14826.jpg
p024,c2,img_21964.jpg
p024,c3,img_32372.jpg
p024,c3,img_66824.jpg
p024,c3,img_92196.jpg
p024,c3,img_75956.jpg
p024,c3,img_39783.jpg
p024,c3,img_82738.jpg
p024,c3,img_42353.jpg
p024,c3,img_58361.jpg
p024,c3,img_58036.jpg
p024,c3,img_10096.jpg
p024,c3,img_39523.jpg
p024,c3,img_39553.jpg
p024,c3,img_36089.jpg
p024,c3,img_35397.jpg
p024,c3,img_17379.jpg
p024,c3,img_32572.jpg
p024,c3,img_70362.jpg
p024,c3,img_80756.jpg
p024,c3,img_12298.jpg
p024,c3,img_41685.jpg
p024,c3,img_31330.jpg
p024,c3,img_47182.jpg
p024,c3,img_4690.jpg
p024,c3,img_39013.jpg
p024,c3,img_63479.jpg
p024,c3,img_24674.jpg
p024,c3,img_46137.jpg
p024,c3,img_73235.jpg
p024,c3,img_37915.jpg
p024,c3,img_40658.jpg
p024,c3,img_37107.jpg
p024,c3,img_4786.jpg
p024,c3,img_15265.jpg
p024,c3,img_20918.jpg
p024,c3,img_5479.jpg
p024,c3,img_58951.jpg
p024,c3,img_87328.jpg
p024,c3,img_33399.jpg
p024,c3,img_34526.jpg
p024,c3,img_57205.jpg
p024,c3,img_88881.jpg
p024,c3,img_49494.jpg
p024,c3,img_37457.jpg
p024,c3,img_50945.jpg
p024,c3,img_32087.jpg
p024,c3,img_44411.jpg
p024,c3,img_101200.jpg
p024,c3,img_296.jpg
p024,c3,img_65043.jpg
p024,c3,img_46089.jpg
p024,c3,img_32418.jpg
p024,c3,img_34498.jpg
p024,c3,img_95706.jpg
p024,c3,img_14592.jpg
p024,c3,img_69373.jpg
p024,c3,img_95471.jpg
p024,c3,img_35236.jpg
p024,c3,img_69402.jpg
p024,c3,img_55478.jpg
p024,c3,img_72441.jpg
p024,c3,img_37367.jpg
p024,c3,img_94562.jpg
p024,c3,img_42159.jpg
p024,c3,img_17778.jpg
p024,c3,img_32529.jpg
p024,c3,img_25897.jpg
p024,c3,img_67821.jpg
p024,c3,img_69696.jpg
p024,c3,img_10177.jpg
p024,c3,img_9100.jpg
p024,c3,img_19661.jpg
p024,c3,img_100048.jpg
p024,c3,img_36029.jpg
p024,c3,img_61126.jpg
p024,c3,img_29033.jpg
p024,c3,img_4873.jpg
p024,c3,img_44670.jpg
p024,c3,img_39837.jpg
p024,c3,img_59912.jpg
p024,c3,img_75942.jpg
p024,c3,img_42751.jpg
p024,c3,img_68588.jpg
p024,c3,img_17818.jpg
p024,c3,img_36460.jpg
p024,c3,img_76235.jpg
p024,c3,img_79062.jpg
p024,c3,img_24849.jpg
p024,c3,img_97728.jpg
p024,c3,img_83975.jpg
p024,c3,img_74204.jpg
p024,c3,img_100838.jpg
p024,c3,img_97966.jpg
p024,c3,img_40547.jpg
p024,c3,img_90742.jpg
p024,c3,img_51458.jpg
p024,c3,img_56527.jpg
p024,c3,img_32323.jpg
p024,c3,img_98026.jpg
p024,c3,img_41038.jpg
p024,c3,img_75104.jpg
p024,c3,img_28622.jpg
p024,c3,img_70456.jpg
p024,c3,img_15575.jpg
p024,c3,img_33672.jpg
p024,c3,img_97372.jpg
p024,c3,img_21975.jpg
p024,c3,img_30007.jpg
p024,c3,img_94860.jpg
p024,c3,img_74094.jpg
p024,c3,img_101136.jpg
p024,c3,img_7454.jpg
p024,c3,img_60151.jpg
p024,c3,img_75607.jpg
p024,c3,img_83592.jpg
p024,c3,img_95537.jpg
p024,c3,img_23244.jpg
p024,c3,img_3669.jpg
p024,c3,img_51233.jpg
p024,c3,img_95494.jpg
p024,c3,img_98242.jpg
p024,c3,img_18730.jpg
p024,c3,img_40058.jpg
p024,c3,img_15230.jpg
p024,c3,img_80142.jpg
p024,c3,img_468.jpg
p024,c3,img_95579.jpg
p024,c3,img_55227.jpg
p024,c3,img_78189.jpg
p024,c3,img_40912.jpg
p024,c3,img_2516.jpg
p024,c4,img_78163.jpg
p024,c4,img_84737.jpg
p024,c4,img_71405.jpg
p024,c4,img_11690.jpg
p024,c4,img_8253.jpg
p024,c4,img_379.jpg
p024,c4,img_19094.jpg
p024,c4,img_81806.jpg
p024,c4,img_26633.jpg
p024,c4,img_100277.jpg
p024,c4,img_34900.jpg
p024,c4,img_32390.jpg
p024,c4,img_33237.jpg
p024,c4,img_60930.jpg
p024,c4,img_96010.jpg
p024,c4,img_93277.jpg
p024,c4,img_39069.jpg
p024,c4,img_67436.jpg
p024,c4,img_84966.jpg
p024,c4,img_74971.jpg
p024,c4,img_93143.jpg
p024,c4,img_75155.jpg
p024,c4,img_37485.jpg
p024,c4,img_37116.jpg
p024,c4,img_74527.jpg
p024,c4,img_18266.jpg
p024,c4,img_43536.jpg
p024,c4,img_100452.jpg
p024,c4,img_92811.jpg
p024,c4,img_27370.jpg
p024,c4,img_32364.jpg
p024,c4,img_29420.jpg
p024,c4,img_29125.jpg
p024,c4,img_30911.jpg
p024,c4,img_47348.jpg
p024,c4,img_61411.jpg
p024,c4,img_81629.jpg
p024,c4,img_37120.jpg
p024,c4,img_10050.jpg
p024,c4,img_70546.jpg
p024,c4,img_3742.jpg
p024,c4,img_42442.jpg
p024,c4,img_89969.jpg
p024,c4,img_73145.jpg
p024,c4,img_64406.jpg
p024,c4,img_70781.jpg
p024,c4,img_56796.jpg
p024,c4,img_73489.jpg
p024,c4,img_21641.jpg
p024,c4,img_45526.jpg
p024,c4,img_14736.jpg
p024,c4,img_53231.jpg
p024,c4,img_96600.jpg
p024,c4,img_62722.jpg
p024,c4,img_86321.jpg
p024,c4,img_80561.jpg
p024,c4,img_83158.jpg
p024,c4,img_26333.jpg
p024,c4,img_16220.jpg
p024,c4,img_75911.jpg
p024,c4,img_2274.jpg
p024,c4,img_52427.jpg
p024,c4,img_85242.jpg
p024,c4,img_13701.jpg
p024,c4,img_88267.jpg
p024,c4,img_76703.jpg
p024,c4,img_37385.jpg
p024,c4,img_35848.jpg
p024,c4,img_88523.jpg
p024,c4,img_55196.jpg
p024,c4,img_69347.jpg
p024,c4,img_37258.jpg
p024,c4,img_25590.jpg
p024,c4,img_27701.jpg
p024,c4,img_16087.jpg
p024,c4,img_53699.jpg
p024,c4,img_42581.jpg
p024,c4,img_32533.jpg
p024,c4,img_35535.jpg
p024,c4,img_11012.jpg
p024,c4,img_7466.jpg
p024,c4,img_26195.jpg
p024,c4,img_20871.jpg
p024,c4,img_59045.jpg
p024,c4,img_38880.jpg
p024,c4,img_93881.jpg
p024,c4,img_94578.jpg
p024,c4,img_16052.jpg
p024,c4,img_30397.jpg
p024,c4,img_19882.jpg
p024,c4,img_27240.jpg
p024,c4,img_32001.jpg
p024,c4,img_31067.jpg
p024,c4,img_52532.jpg
p024,c4,img_27960.jpg
p024,c4,img_58179.jpg
p024,c4,img_19004.jpg
p024,c4,img_42508.jpg
p024,c4,img_41957.jpg
p024,c4,img_60551.jpg
p024,c4,img_18747.jpg
p024,c4,img_99624.jpg
p024,c4,img_29997.jpg
p024,c4,img_8077.jpg
p024,c4,img_34031.jpg
p024,c4,img_49402.jpg
p024,c4,img_51547.jpg
p024,c4,img_34784.jpg
p024,c4,img_20137.jpg
p024,c4,img_45202.jpg
p024,c4,img_76685.jpg
p024,c4,img_62566.jpg
p024,c4,img_54942.jpg
p024,c4,img_58242.jpg
p024,c4,img_6007.jpg
p024,c4,img_57083.jpg
p024,c4,img_25274.jpg
p024,c4,img_59103.jpg
p024,c4,img_78196.jpg
p024,c4,img_36888.jpg
p024,c4,img_18625.jpg
p024,c4,img_64949.jpg
p024,c4,img_67959.jpg
p024,c4,img_74152.jpg
p024,c4,img_50086.jpg
p024,c4,img_85143.jpg
p024,c4,img_89373.jpg
p024,c4,img_64630.jpg
p024,c4,img_92206.jpg
p024,c5,img_3427.jpg
p024,c5,img_25894.jpg
p024,c5,img_22447.jpg
p024,c5,img_81028.jpg
p024,c5,img_94334.jpg
p024,c5,img_2372.jpg
p024,c5,img_50582.jpg
p024,c5,img_47589.jpg
p024,c5,img_46836.jpg
p024,c5,img_38317.jpg
p024,c5,img_37629.jpg
p024,c5,img_14971.jpg
p024,c5,img_39077.jpg
p024,c5,img_14641.jpg
p024,c5,img_21153.jpg
p024,c5,img_37419.jpg
p024,c5,img_96834.jpg
p024,c5,img_94974.jpg
p024,c5,img_73439.jpg
p024,c5,img_25619.jpg
p024,c5,img_38545.jpg
p024,c5,img_61985.jpg
p024,c5,img_25690.jpg
p024,c5,img_3493.jpg
p024,c5,img_84197.jpg
p024,c5,img_3455.jpg
p024,c5,img_10657.jpg
p024,c5,img_68867.jpg
p024,c5,img_53962.jpg
p024,c5,img_27923.jpg
p024,c5,img_4699.jpg
p024,c5,img_47849.jpg
p024,c5,img_90882.jpg
p024,c5,img_64329.jpg
p024,c5,img_34167.jpg
p024,c5,img_95463.jpg
p024,c5,img_58078.jpg
p024,c5,img_48176.jpg
p024,c5,img_3103.jpg
p024,c5,img_31631.jpg
p024,c5,img_28905.jpg
p024,c5,img_47814.jpg
p024,c5,img_68833.jpg
p024,c5,img_27470.jpg
p024,c5,img_23350.jpg
p024,c5,img_75652.jpg
p024,c5,img_41964.jpg
p024,c5,img_12764.jpg
p024,c5,img_95298.jpg
p024,c5,img_58695.jpg
p024,c5,img_60486.jpg
p024,c5,img_39607.jpg
p024,c5,img_32910.jpg
p024,c5,img_3533.jpg
p024,c5,img_57890.jpg
p024,c5,img_20563.jpg
p024,c5,img_2263.jpg
p024,c5,img_74236.jpg
p024,c5,img_82190.jpg
p024,c5,img_46410.jpg
p024,c5,img_93610.jpg
p024,c5,img_44796.jpg
p024,c5,img_3940.jpg
p024,c5,img_35628.jpg
p024,c5,img_8247.jpg
p024,c5,img_61357.jpg
p024,c5,img_26141.jpg
p024,c5,img_99431.jpg
p024,c5,img_40810.jpg
p024,c5,img_98328.jpg
p024,c5,img_67035.jpg
p024,c5,img_74297.jpg
p024,c5,img_83497.jpg
p024,c5,img_97059.jpg
p024,c5,img_75846.jpg
p024,c5,img_40535.jpg
p024,c5,img_91831.jpg
p024,c5,img_5886.jpg
p024,c5,img_26282.jpg
p024,c5,img_91028.jpg
p024,c5,img_20396.jpg
p024,c5,img_10388.jpg
p024,c5,img_56273.jpg
p024,c5,img_30831.jpg
p024,c5,img_65234.jpg
p024,c5,img_73806.jpg
p024,c5,img_74128.jpg
p024,c5,img_94751.jpg
p024,c5,img_37322.jpg
p024,c5,img_22337.jpg
p024,c5,img_16092.jpg
p024,c5,img_11431.jpg
p024,c5,img_22049.jpg
p024,c5,img_48219.jpg
p024,c5,img_28705.jpg
p024,c5,img_1718.jpg
p024,c5,img_94559.jpg
p024,c5,img_34876.jpg
p024,c5,img_62587.jpg
p024,c5,img_59305.jpg
p024,c5,img_69266.jpg
p024,c5,img_14575.jpg
p024,c5,img_32638.jpg
p024,c5,img_12869.jpg
p024,c5,img_58164.jpg
p024,c5,img_37888.jpg
p024,c5,img_66479.jpg
p024,c5,img_56950.jpg
p024,c5,img_20293.jpg
p024,c5,img_46627.jpg
p024,c5,img_26151.jpg
p024,c5,img_62389.jpg
p024,c5,img_27387.jpg
p024,c5,img_74027.jpg
p024,c5,img_30013.jpg
p024,c5,img_24758.jpg
p024,c5,img_1723.jpg
p024,c5,img_62193.jpg
p024,c5,img_86149.jpg
p024,c5,img_59869.jpg
p024,c5,img_60906.jpg
p024,c5,img_97183.jpg
p024,c5,img_37263.jpg
p024,c5,img_5459.jpg
p024,c5,img_11808.jpg
p024,c5,img_19683.jpg
p024,c5,img_13057.jpg
p024,c5,img_100152.jpg
p024,c5,img_35316.jpg
p024,c5,img_32363.jpg
p024,c5,img_18922.jpg
p026,c0,img_71021.jpg
p026,c0,img_99696.jpg
p026,c0,img_46060.jpg
p026,c0,img_11914.jpg
p026,c0,img_12642.jpg
p026,c0,img_47285.jpg
p026,c0,img_40374.jpg
p026,c0,img_8571.jpg
p026,c0,img_10053.jpg
p026,c0,img_18391.jpg
p026,c0,img_93757.jpg
p026,c0,img_56741.jpg
p026,c0,img_57520.jpg
p026,c0,img_22029.jpg
p026,c0,img_61568.jpg
p026,c0,img_42587.jpg
p026,c0,img_18409.jpg
p026,c0,img_72543.jpg
p026,c0,img_44933.jpg
p026,c0,img_87801.jpg
p026,c0,img_46053.jpg
p026,c0,img_68539.jpg
p026,c0,img_5342.jpg
p026,c0,img_24706.jpg
p026,c0,img_54170.jpg
p026,c0,img_52476.jpg
p026,c0,img_27005.jpg
p026,c0,img_41911.jpg
p026,c0,img_44820.jpg
p026,c0,img_33315.jpg
p026,c0,img_18138.jpg
p026,c0,img_95572.jpg
p026,c0,img_38469.jpg
p026,c0,img_97604.jpg
p026,c0,img_64681.jpg
p026,c0,img_63314.jpg
p026,c0,img_5324.jpg
p026,c0,img_91730.jpg
p026,c0,img_20192.jpg
p026,c0,img_59322.jpg
p026,c0,img_93759.jpg
p026,c0,img_57789.jpg
p026,c0,img_42723.jpg
p026,c0,img_35669.jpg
p026,c0,img_59118.jpg
p026,c0,img_14903.jpg
p026,c0,img_22820.jpg
p026,c0,img_36959.jpg
p026,c0,img_60063.jpg
p026,c0,img_81940.jpg
p026,c0,img_68227.jpg
p026,c0,img_59764.jpg
p026,c0,img_41847.jpg
p026,c0,img_65497.jpg
p026,c0,img_1421.jpg
p026,c0,img_86052.jpg
p026,c0,img_95355.jpg
p026,c0,img_53692.jpg
p026,c0,img_87355.jpg
p026,c0,img_21731.jpg
p026,c0,img_73423.jpg
p026,c0,img_82314.jpg
p026,c0,img_17736.jpg
p026,c0,img_61869.jpg
p026,c0,img_56466.jpg
p026,c0,img_16355.jpg
p026,c0,img_16474.jpg
p026,c0,img_63812.jpg
p026,c0,img_2093.jpg
p026,c0,img_14223.jpg
p026,c0,img_16345.jpg
p026,c0,img_36300.jpg
p026,c0,img_101859.jpg
p026,c0,img_62129.jpg
p026,c0,img_25298.jpg
p026,c0,img_87270.jpg
p026,c0,img_98505.jpg
p026,c0,img_69697.jpg
p026,c0,img_24232.jpg
p026,c0,img_36330.jpg
p026,c0,img_14399.jpg
p026,c0,img_75755.jpg
p026,c0,img_75564.jpg
p026,c0,img_61737.jpg
p026,c0,img_73127.jpg
p026,c0,img_36206.jpg
p026,c0,img_54960.jpg
p026,c0,img_87669.jpg
p026,c0,img_74751.jpg
p026,c0,img_99640.jpg
p026,c0,img_82329.jpg
p026,c0,img_51729.jpg
p026,c0,img_38514.jpg
p026,c0,img_90396.jpg
p026,c0,img_60925.jpg
p026,c0,img_31345.jpg
p026,c0,img_15760.jpg
p026,c0,img_48161.jpg
p026,c0,img_70417.jpg
p026,c0,img_32619.jpg
p026,c0,img_81332.jpg
p026,c0,img_30164.jpg
p026,c0,img_40312.jpg
p026,c0,img_43734.jpg
p026,c0,img_26025.jpg
p026,c0,img_12114.jpg
p026,c0,img_49872.jpg
p026,c0,img_82948.jpg
p026,c0,img_53053.jpg
p026,c0,img_50007.jpg
p026,c0,img_79872.jpg
p026,c0,img_77696.jpg
p026,c0,img_69702.jpg
p026,c0,img_89077.jpg
p026,c0,img_92314.jpg
p026,c0,img_8717.jpg
p026,c0,img_81527.jpg
p026,c0,img_71760.jpg
p026,c0,img_95698.jpg
p026,c0,img_78723.jpg
p026,c0,img_71815.jpg
p026,c0,img_86976.jpg
p026,c0,img_14027.jpg
p026,c0,img_75880.jpg
p026,c0,img_55291.jpg
p026,c0,img_54857.jpg
p026,c0,img_7272.jpg
p026,c0,img_93133.jpg
p026,c0,img_83326.jpg
p026,c0,img_34269.jpg
p026,c2,img_75207.jpg
p026,c2,img_2403.jpg
p026,c2,img_23060.jpg
p026,c2,img_38730.jpg
p026,c2,img_58205.jpg
p026,c2,img_75363.jpg
p026,c2,img_26945.jpg
p026,c2,img_73183.jpg
p026,c2,img_25284.jpg
p026,c2,img_46345.jpg
p026,c2,img_26822.jpg
p026,c2,img_68490.jpg
p026,c2,img_74850.jpg
p026,c2,img_69691.jpg
p026,c2,img_7053.jpg
p026,c2,img_68101.jpg
p026,c2,img_82746.jpg
p026,c2,img_25564.jpg
p026,c2,img_48970.jpg
p026,c2,img_4500.jpg
p026,c2,img_20292.jpg
p026,c2,img_36923.jpg
p026,c2,img_42701.jpg
p026,c2,img_59696.jpg
p026,c2,img_95083.jpg
p026,c2,img_66940.jpg
p026,c2,img_19409.jpg
p026,c2,img_37483.jpg
p026,c2,img_90774.jpg
p026,c2,img_87260.jpg
p026,c2,img_52669.jpg
p026,c2,img_55444.jpg
p026,c2,img_88354.jpg
p026,c2,img_63151.jpg
p026,c2,img_4221.jpg
p026,c2,img_71349.jpg
p026,c2,img_6296.jpg
p026,c2,img_61397.jpg
p026,c2,img_22056.jpg
p026,c2,img_88377.jpg
p026,c2,img_7649.jpg
p026,c2,img_4623.jpg
p026,c2,img_81235.jpg
p026,c2,img_71634.jpg
p026,c2,img_87501.jpg
p026,c2,img_80424.jpg
p026,c2,img_58701.jpg
p026,c2,img_791.jpg
p026,c2,img_86569.jpg
p026,c2,img_91184.jpg
p026,c2,img_69650.jpg
p026,c2,img_33242.jpg
p026,c2,img_61637.jpg
p026,c2,img_20430.jpg
p026,c2,img_49305.jpg
p026,c2,img_14881.jpg
p026,c2,img_53187.jpg
p026,c2,img_43024.jpg
p026,c2,img_70316.jpg
p026,c2,img_5956.jpg
p026,c2,img_67967.jpg
p026,c2,img_54870.jpg
p026,c2,img_5746.jpg
p026,c2,img_68179.jpg
p026,c2,img_80101.jpg
p026,c2,img_12643.jpg
p026,c2,img_54312.jpg
p026,c2,img_61403.jpg
p026,c2,img_77940.jpg
p026,c2,img_76662.jpg
p026,c2,img_65386.jpg
p026,c2,img_101587.jpg
p026,c2,img_99494.jpg
p026,c2,img_14969.jpg
p026,c2,img_70639.jpg
p026,c2,img_44748.jpg
p026,c2,img_74570.jpg
p026,c2,img_11735.jpg
p026,c2,img_12105.jpg
p026,c2,img_69181.jpg
p026,c2,img_60892.jpg
p026,c2,img_99236.jpg
p026,c2,img_78045.jpg
p026,c2,img_34191.jpg
p026,c2,img_85211.jpg
p026,c2,img_92991.jpg
p026,c2,img_50983.jpg
p026,c2,img_34682.jpg
p026,c2,img_35004.jpg
p026,c2,img_2782.jpg
p026,c2,img_15130.jpg
p026,c2,img_65723.jpg
p026,c2,img_49282.jpg
p026,c2,img_74241.jpg
p026,c2,img_23694.jpg
p026,c2,img_55731.jpg
p026,c2,img_47780.jpg
p026,c2,img_14632.jpg
p026,c2,img_84323.jpg
p026,c2,img_16693.jpg
p026,c2,img_9346.jpg
p026,c2,img_74616.jpg
p026,c2,img_81706.jpg
p026,c2,img_7006.jpg
p026,c2,img_39666.jpg
p026,c2,img_65657.jpg
p026,c2,img_32698.jpg
p026,c2,img_80781.jpg
p026,c2,img_42273.jpg
p026,c2,img_47311.jpg
p026,c2,img_76514.jpg
p026,c2,img_81284.jpg
p026,c2,img_13349.jpg
p026,c2,img_95662.jpg
p026,c2,img_82236.jpg
p026,c2,img_40118.jpg
p026,c2,img_10146.jpg
p026,c2,img_24193.jpg
p026,c2,img_99524.jpg
p026,c2,img_30625.jpg
p026,c2,img_51127.jpg
p026,c2,img_28194.jpg
p026,c2,img_54704.jpg
p026,c2,img_88192.jpg
p026,c2,img_67342.jpg
p026,c2,img_88285.jpg
p026,c2,img_48614.jpg
p026,c2,img_93411.jpg
p026,c2,img_35814.jpg
p026,c2,img_28156.jpg
p026,c3,img_9498.jpg
p026,c3,img_14283.jpg
p026,c3,img_26244.jpg
p026,c3,img_85671.jpg
p026,c3,img_83672.jpg
p026,c3,img_7552.jpg
p026,c3,img_1257.jpg
p026,c3,img_74329.jpg
p026,c3,img_82705.jpg
p026,c3,img_81115.jpg
p026,c3,img_77451.jpg
p026,c3,img_12070.jpg
p026,c3,img_27264.jpg
p026,c3,img_98126.jpg
p026,c3,img_3950.jpg
p026,c3,img_24487.jpg
p026,c3,img_23719.jpg
p026,c3,img_78082.jpg
p026,c3,img_80000.jpg
p026,c3,img_99080.jpg
p026,c3,img_75567.jpg
p026,c3,img_30170.jpg
p026,c3,img_13683.jpg
p026,c3,img_37584.jpg
p026,c3,img_89687.jpg
p026,c3,img_36009.jpg
p026,c3,img_38391.jpg
p026,c3,img_45912.jpg
p026,c3,img_32567.jpg
p026,c3,img_25445.jpg
p026,c3,img_17310.jpg
p026,c3,img_87934.jpg
p026,c3,img_24974.jpg
p026,c3,img_52195.jpg
p026,c3,img_16924.jpg
p026,c3,img_55298.jpg
p026,c3,img_100749.jpg
p026,c3,img_99813.jpg
p026,c3,img_35956.jpg
p026,c3,img_38819.jpg
p026,c3,img_42862.jpg
p026,c3,img_94726.jpg
p026,c3,img_4183.jpg
p026,c3,img_54846.jpg
p026,c3,img_2609.jpg
p026,c3,img_44010.jpg
p026,c3,img_78904.jpg
p026,c3,img_76564.jpg
p026,c3,img_48324.jpg
p026,c3,img_71513.jpg
p026,c3,img_92644.jpg
p026,c3,img_72027.jpg
p026,c3,img_37214.jpg
p026,c3,img_8235.jpg
p026,c3,img_42897.jpg
p026,c3,img_25210.jpg
p026,c3,img_43186.jpg
p026,c3,img_24663.jpg
p026,c3,img_72743.jpg
p026,c3,img_45874.jpg
p026,c3,img_62784.jpg
p026,c3,img_79964.jpg
p026,c3,img_66775.jpg
p026,c3,img_45687.jpg
p026,c3,img_35145.jpg
p026,c3,img_62463.jpg
p026,c3,img_56810.jpg
p026,c3,img_72138.jpg
p026,c3,img_94118.jpg
p026,c3,img_30062.jpg
p026,c3,img_616.jpg
p026,c3,img_92105.jpg
p026,c3,img_77917.jpg
p026,c3,img_45921.jpg
p026,c3,img_25400.jpg
p026,c3,img_101087.jpg
p026,c3,img_62732.jpg
p026,c3,img_18760.jpg
p026,c3,img_65021.jpg
p026,c3,img_32128.jpg
p026,c3,img_81291.jpg
p026,c3,img_65299.jpg
p026,c3,img_25231.jpg
p026,c3,img_43465.jpg
p026,c3,img_19894.jpg
p026,c3,img_40342.jpg
p026,c3,img_34546.jpg
p026,c3,img_12206.jpg
p026,c3,img_98752.jpg
p026,c3,img_95792.jpg
p026,c3,img_22554.jpg
p026,c3,img_39800.jpg
p026,c3,img_24008.jpg
p026,c3,img_47156.jpg
p026,c3,img_39992.jpg
p026,c3,img_63245.jpg
p026,c3,img_94691.jpg
p026,c3,img_35548.jpg
p026,c3,img_48101.jpg
p026,c3,img_40777.jpg
p026,c3,img_55862.jpg
p026,c3,img_43138.jpg
p026,c3,img_60897.jpg
p026,c3,img_67771.jpg
p026,c3,img_89087.jpg
p026,c3,img_76312.jpg
p026,c3,img_34896.jpg
p026,c3,img_33648.jpg
p026,c3,img_13327.jpg
p026,c3,img_75312.jpg
p026,c3,img_45054.jpg
p026,c3,img_99712.jpg
p026,c3,img_19992.jpg
p026,c3,img_43920.jpg
p026,c3,img_15858.jpg
p026,c3,img_60419.jpg
p026,c3,img_12825.jpg
p026,c3,img_101994.jpg
p026,c3,img_53310.jpg
p026,c3,img_60468.jpg
p026,c3,img_89345.jpg
p026,c3,img_44305.jpg
p026,c3,img_48758.jpg
p026,c3,img_16810.jpg
p026,c3,img_57086.jpg
p026,c3,img_49783.jpg
p026,c3,img_70360.jpg
p026,c3,img_57834.jpg
p026,c3,img_17005.jpg
p026,c3,img_87006.jpg
p026,c3,img_66557.jpg
p026,c4,img_91307.jpg
p026,c4,img_7652.jpg
p026,c4,img_30679.jpg
p026,c4,img_99370.jpg
p026,c4,img_54032.jpg
p026,c4,img_46388.jpg
p026,c4,img_50905.jpg
p026,c4,img_87072.jpg
p026,c4,img_58593.jpg
p026,c4,img_7727.jpg
p026,c4,img_101975.jpg
p026,c4,img_55249.jpg
p026,c4,img_95030.jpg
p026,c4,img_2479.jpg
p026,c4,img_14473.jpg
p026,c4,img_87011.jpg
p026,c4,img_64105.jpg
p026,c4,img_18713.jpg
p026,c4,img_83373.jpg
p026,c4,img_27644.jpg
p026,c4,img_27178.jpg
p026,c4,img_86096.jpg
p026,c4,img_51068.jpg
p026,c4,img_66620.jpg
p026,c4,img_33900.jpg
p026,c4,img_100529.jpg
p026,c4,img_26631.jpg
p026,c4,img_72576.jpg
p026,c4,img_33879.jpg
p026,c4,img_52380.jpg
p026,c4,img_78985.jpg
p026,c4,img_79859.jpg
p026,c4,img_63113.jpg
p026,c4,img_2447.jpg
p026,c4,img_10572.jpg
p026,c4,img_93018.jpg
p026,c4,img_90315.jpg
p026,c4,img_45662.jpg
p026,c4,img_40784.jpg
p026,c4,img_19318.jpg
p026,c4,img_75347.jpg
p026,c4,img_17118.jpg
p026,c4,img_594.jpg
p026,c4,img_28788.jpg
p026,c4,img_56352.jpg
p026,c4,img_34301.jpg
p026,c4,img_52614.jpg
p026,c4,img_81256.jpg
p026,c4,img_86422.jpg
p026,c4,img_51790.jpg
p026,c4,img_98576.jpg
p026,c4,img_99977.jpg
p026,c4,img_48398.jpg
p026,c4,img_40638.jpg
p026,c4,img_81628.jpg
p026,c4,img_44751.jpg
p026,c4,img_33835.jpg
p026,c4,img_10249.jpg
p026,c4,img_20286.jpg
p026,c4,img_73413.jpg
p026,c4,img_19931.jpg
p026,c4,img_75992.jpg
p026,c4,img_88691.jpg
p026,c4,img_63738.jpg
p026,c4,img_40343.jpg
p026,c4,img_12232.jpg
p026,c4,img_66185.jpg
p026,c4,img_62033.jpg
p026,c4,img_597.jpg
p026,c4,img_19130.jpg
p026,c4,img_87175.jpg
p026,c4,img_51711.jpg
p026,c4,img_5704.jpg
p026,c4,img_2351.jpg
p026,c4,img_75999.jpg
p026,c4,img_25700.jpg
p026,c4,img_89133.jpg
p026,c4,img_26929.jpg
p026,c4,img_45024.jpg
p026,c4,img_4499.jpg
p026,c4,img_17467.jpg
p026,c4,img_53646.jpg
p026,c4,img_18210.jpg
p026,c4,img_64580.jpg
p026,c4,img_93755.jpg
p026,c4,img_46163.jpg
p026,c4,img_49642.jpg
p026,c4,img_22912.jpg
p026,c4,img_33024.jpg
p026,c4,img_75489.jpg
p026,c4,img_51813.jpg
p026,c4,img_70761.jpg
p026,c4,img_41329.jpg
p026,c4,img_94186.jpg
p026,c4,img_90984.jpg
p026,c4,img_90130.jpg
p026,c4,img_51783.jpg
p026,c4,img_14345.jpg
p026,c4,img_82344.jpg
p026,c4,img_29622.jpg
p026,c4,img_97523.jpg
p026,c4,img_65988.jpg
p026,c4,img_69063.jpg
p026,c4,img_33345.jpg
p026,c4,img_82854.jpg
p026,c4,img_87294.jpg
p026,c4,img_20911.jpg
p026,c4,img_21449.jpg
p026,c4,img_70652.jpg
p026,c4,img_31106.jpg
p026,c4,img_21005.jpg
p026,c4,img_29762.jpg
p026,c4,img_79497.jpg
p026,c4,img_48735.jpg
p026,c4,img_96014.jpg
p026,c4,img_42583.jpg
p026,c4,img_24149.jpg
p026,c4,img_91039.jpg
p026,c4,img_48336.jpg
p026,c4,img_7410.jpg
p026,c4,img_48337.jpg
p026,c4,img_46174.jpg
p026,c4,img_21842.jpg
p026,c4,img_71416.jpg
p026,c4,img_86426.jpg
p026,c4,img_89667.jpg
p026,c5,img_17494.jpg
p026,c5,img_69983.jpg
p026,c5,img_58460.jpg
p026,c5,img_51344.jpg
p026,c5,img_63591.jpg
p026,c5,img_3234.jpg
p026,c5,img_90762.jpg
p026,c5,img_14750.jpg
p026,c5,img_72058.jpg
p026,c5,img_70809.jpg
p026,c5,img_44397.jpg
p026,c5,img_5564.jpg
p026,c5,img_82966.jpg
p026,c5,img_7374.jpg
p026,c5,img_101544.jpg
p026,c5,img_13773.jpg
p026,c5,img_67377.jpg
p026,c5,img_52548.jpg
p026,c5,img_7024.jpg
p026,c5,img_64728.jpg
p026,c5,img_7782.jpg
p026,c5,img_4041.jpg
p026,c5,img_95164.jpg
p026,c5,img_36657.jpg
p026,c5,img_81143.jpg
p026,c5,img_92308.jpg
p026,c5,img_99827.jpg
p026,c5,img_79836.jpg
p026,c5,img_17939.jpg
p026,c5,img_7355.jpg
p026,c5,img_43043.jpg
p026,c5,img_46456.jpg
p026,c5,img_16774.jpg
p026,c5,img_12829.jpg
p026,c5,img_78039.jpg
p026,c5,img_78585.jpg
p026,c5,img_40790.jpg
p026,c5,img_56194.jpg
p026,c5,img_49466.jpg
p026,c5,img_42692.jpg
p026,c5,img_4940.jpg
p026,c5,img_9723.jpg
p026,c5,img_14125.jpg
p026,c5,img_72934.jpg
p026,c5,img_83671.jpg
p026,c5,img_15638.jpg
p026,c5,img_48860.jpg
p026,c5,img_1827.jpg
p026,c5,img_73562.jpg
p026,c5,img_92030.jpg
p026,c5,img_90180.jpg
p026,c5,img_34935.jpg
p026,c5,img_47221.jpg
p026,c5,img_1048.jpg
p026,c5,img_20358.jpg
p026,c5,img_102055.jpg
p026,c5,img_69127.jpg
p026,c5,img_71391.jpg
p026,c5,img_13461.jpg
p026,c5,img_61584.jpg
p026,c5,img_25844.jpg
p026,c5,img_64057.jpg
p026,c5,img_49145.jpg
p026,c5,img_44464.jpg
p026,c5,img_67214.jpg
p026,c5,img_37530.jpg
p026,c5,img_29805.jpg
p026,c5,img_17764.jpg
p026,c5,img_33019.jpg
p026,c5,img_44350.jpg
p026,c5,img_83357.jpg
p026,c5,img_52988.jpg
p026,c5,img_9355.jpg
p026,c5,img_15362.jpg
p026,c5,img_14148.jpg
p026,c5,img_43443.jpg
p026,c5,img_12370.jpg
p026,c5,img_34344.jpg
p026,c5,img_44367.jpg
p026,c5,img_53266.jpg
p026,c5,img_3278.jpg
p026,c5,img_25157.jpg
p026,c5,img_83565.jpg
p026,c5,img_68953.jpg
p026,c5,img_16858.jpg
p026,c5,img_89816.jpg
p026,c5,img_32499.jpg
p026,c5,img_42793.jpg
p026,c5,img_717.jpg
p026,c5,img_1304.jpg
p026,c5,img_64503.jpg
p026,c5,img_118.jpg
p026,c5,img_58041.jpg
p026,c5,img_15842.jpg
p026,c5,img_39891.jpg
p026,c5,img_48737.jpg
p026,c5,img_9728.jpg
p026,c5,img_30554.jpg
p026,c5,img_35469.jpg
p026,c5,img_14089.jpg
p026,c5,img_14801.jpg
p026,c5,img_5920.jpg
p026,c5,img_92810.jpg
p026,c5,img_87881.jpg
p026,c5,img_9835.jpg
p026,c5,img_275.jpg
p026,c5,img_11398.jpg
p026,c5,img_53413.jpg
p026,c5,img_5969.jpg
p026,c5,img_99280.jpg
p026,c5,img_457.jpg
p026,c5,img_100270.jpg
p026,c5,img_33938.jpg
p026,c5,img_74882.jpg
p026,c5,img_23017.jpg
p026,c5,img_573.jpg
p026,c5,img_46433.jpg
p026,c5,img_65706.jpg
p026,c5,img_17305.jpg
p026,c5,img_5653.jpg
p026,c5,img_79397.jpg
p026,c5,img_23077.jpg
p026,c5,img_23068.jpg
p026,c5,img_18146.jpg
p026,c5,img_3442.jpg
p026,c5,img_33521.jpg
p026,c5,img_27554.jpg
p026,c5,img_24514.jpg
p026,c5,img_6929.jpg
p026,c5,img_48279.jpg
p035,c0,img_66660.jpg
p035,c0,img_89362.jpg
p035,c0,img_13584.jpg
p035,c0,img_4400.jpg
p035,c0,img_48340.jpg
p035,c0,img_37109.jpg
p035,c0,img_48482.jpg
p035,c0,img_3509.jpg
p035,c0,img_59446.jpg
p035,c0,img_42283.jpg
p035,c0,img_5869.jpg
p035,c0,img_93090.jpg
p035,c0,img_55476.jpg
p035,c0,img_36549.jpg
p035,c0,img_78110.jpg
p035,c0,img_99289.jpg
p035,c0,img_51076.jpg
p035,c0,img_51232.jpg
p035,c0,img_11067.jpg
p035,c0,img_19302.jpg
p035,c0,img_55729.jpg
p035,c0,img_76704.jpg
p035,c0,img_7044.jpg
p035,c0,img_101223.jpg
p035,c0,img_34741.jpg
p035,c0,img_90390.jpg
p035,c0,img_38463.jpg
p035,c0,img_62061.jpg
p035,c0,img_74744.jpg
p035,c0,img_91123.jpg
p035,c0,img_70438.jpg
p035,c0,img_16033.jpg
p035,c0,img_4824.jpg
p035,c0,img_3824.jpg
p035,c0,img_30360.jpg
p035,c0,img_46325.jpg
p035,c0,img_7608.jpg
p035,c0,img_79839.jpg
p035,c0,img_23004.jpg
p035,c0,img_7553.jpg
p035,c0,img_4013.jpg
p035,c0,img_66673.jpg
p035,c0,img_30218.jpg
p035,c0,img_67320.jpg
p035,c0,img_46925.jpg
p035,c0,img_53168.jpg
p035,c0,img_18267.jpg
p035,c0,img_5325.jpg
p035,c0,img_38312.jpg
p035,c0,img_94155.jpg
p035,c0,img_16813.jpg
p035,c0,img_16363.jpg
p035,c0,img_40141.jpg
p035,c0,img_47947.jpg
p035,c0,img_65222.jpg
p035,c0,img_14779.jpg
p035,c0,img_4219.jpg
p035,c0,img_32813.jpg
p035,c0,img_94809.jpg
p035,c0,img_83656.jpg
p035,c0,img_60797.jpg
p035,c0,img_86894.jpg
p035,c0,img_4461.jpg
p035,c0,img_68450.jpg
p035,c0,img_1197.jpg
p035,c0,img_2151.jpg
p035,c0,img_89173.jpg
p035,c0,img_20144.jpg
p035,c0,img_14757.jpg
p035,c0,img_41663.jpg
p035,c0,img_3975.jpg
p035,c0,img_90765.jpg
p035,c0,img_38433.jpg
p035,c0,img_71915.jpg
p035,c0,img_62376.jpg
p035,c0,img_19780.jpg
p035,c0,img_42698.jpg
p035,c0,img_4053.jpg
p035,c0,img_101938.jpg
p035,c0,img_89942.jpg
p035,c0,img_84960.jpg
p035,c0,img_36155.jpg
p035,c0,img_55813.jpg
p035,c0,img_74437.jpg
p035,c0,img_50058.jpg
p035,c0,img_7373.jpg
p035,c0,img_57153.jpg
p035,c0,img_17396.jpg
p035,c0,img_50998.jpg
p035,c0,img_15596.jpg
p035,c0,img_97072.jpg
p035,c0,img_79759.jpg
p035,c0,img_22011.jpg
p035,c0,img_20759.jpg
p035,c2,img_56457.jpg
p035,c2,img_42917.jpg
p035,c2,img_50686.jpg
p035,c2,img_70170.jpg
p035,c2,img_26905.jpg
p035,c2,img_41872.jpg
p035,c2,img_23552.jpg
p035,c2,img_56041.jpg
p035,c2,img_17025.jpg
p035,c2,img_41725.jpg
p035,c2,img_88757.jpg
p035,c2,img_16318.jpg
p035,c2,img_27360.jpg
p035,c2,img_5784.jpg
p035,c2,img_13764.jpg
p035,c2,img_86478.jpg
p035,c2,img_43139.jpg
p035,c2,img_23445.jpg
p035,c2,img_18020.jpg
p035,c2,img_6465.jpg
p035,c2,img_62883.jpg
p035,c2,img_73004.jpg
p035,c2,img_11588.jpg
p035,c2,img_22992.jpg
p035,c2,img_94108.jpg
p035,c2,img_14852.jpg
p035,c2,img_50893.jpg
p035,c2,img_52278.jpg
p035,c2,img_11840.jpg
p035,c2,img_23922.jpg
p035,c2,img_75139.jpg
p035,c2,img_24065.jpg
p035,c2,img_8807.jpg
p035,c2,img_48527.jpg
p035,c2,img_64052.jpg
p035,c2,img_23878.jpg
p035,c2,img_29473.jpg
p035,c2,img_31097.jpg
p035,c2,img_39829.jpg
p035,c2,img_31065.jpg
p035,c2,img_53955.jpg
p035,c2,img_33898.jpg
p035,c2,img_83279.jpg
p035,c2,img_58266.jpg
p035,c2,img_61445.jpg
p035,c2,img_67971.jpg
p035,c2,img_35703.jpg
p035,c2,img_60427.jpg
p035,c2,img_39544.jpg
p035,c2,img_51410.jpg
p035,c2,img_52457.jpg
p035,c2,img_95514.jpg
p035,c2,img_78449.jpg
p035,c2,img_24319.jpg
p035,c2,img_91691.jpg
p035,c2,img_916.jpg
p035,c2,img_65495.jpg
p035,c2,img_53626.jpg
p035,c2,img_74531.jpg
p035,c2,img_54176.jpg
p035,c2,img_46332.jpg
p035,c2,img_92363.jpg
p035,c2,img_81244.jpg
p035,c2,img_74763.jpg
p035,c2,img_47179.jpg
p035,c2,img_90920.jpg
p035,c2,img_17456.jpg
p035,c2,img_55857.jpg
p035,c2,img_95317.jpg
p035,c2,img_89885.jpg
p035,c2,img_98287.jpg
p035,c2,img_45399.jpg
p035,c2,img_28397.jpg
p035,c2,img_2568.jpg
p035,c2,img_62911.jpg
p035,c2,img_69243.jpg
p035,c2,img_5040.jpg
p035,c2,img_54300.jpg
p035,c2,img_49115.jpg
p035,c2,img_30812.jpg
p035,c2,img_10849.jpg
p035,c2,img_11080.jpg
p035,c2,img_29811.jpg
p035,c2,img_87247.jpg
p035,c2,img_36258.jpg
p035,c2,img_47981.jpg
p035,c2,img_84630.jpg
p035,c2,img_48927.jpg
p035,c3,img_322.jpg
p035,c3,img_16967.jpg
p035,c3,img_28704.jpg
p035,c3,img_89883.jpg
p035,c3,img_65012.jpg
p035,c3,img_27385.jpg
p035,c3,img_57466.jpg
p035,c3,img_5437.jpg
p035,c3,img_42146.jpg
p035,c3,img_83766.jpg
p035,c3,img_81834.jpg
p035,c3,img_96786.jpg
p035,c3,img_39678.jpg
p035,c3,img_81003.jpg
p035,c3,img_3392.jpg
p035,c3,img_80902.jpg
p035,c3,img_49003.jpg
p035,c3,img_79164.jpg
p035,c3,img_68994.jpg
p035,c3,img_49889.jpg
p035,c3,img_29092.jpg
p035,c3,img_31608.jpg
p035,c3,img_44770.jpg
p035,c3,img_73396.jpg
p035,c3,img_62497.jpg
p035,c3,img_80829.jpg
p035,c3,img_94752.jpg
p035,c3,img_16651.jpg
p035,c3,img_83636.jpg
p035,c3,img_63175.jpg
p035,c3,img_5736.jpg
p035,c3,img_2631.jpg
p035,c3,img_51403.jpg
p035,c3,img_58781.jpg
p035,c3,img_97541.jpg
p035,c3,img_38470.jpg
p035,c3,img_67251.jpg
p035,c3,img_98052.jpg
p035,c3,img_73781.jpg
p035,c3,img_49870.jpg
p035,c3,img_25100.jpg
p035,c3,img_56292.jpg
p035,c3,img_76920.jpg
p035,c3,img_70592.jpg
p035,c3,img_12316.jpg
p035,c3,img_43136.jpg
p035,c3,img_34827.jpg
p035,c3,img_91604.jpg
p035,c3,img_48169.jpg
p035,c3,img_23475.jpg
p035,c3,img_14597.jpg
p035,c3,img_83041.jpg
p035,c3,img_40036.jpg
p035,c3,img_68507.jpg
p035,c3,img_32521.jpg
p035,c3,img_84374.jpg
p035,c3,img_533.jpg
p035,c3,img_99703.jpg
p035,c3,img_53611.jpg
p035,c3,img_33301.jpg
p035,c3,img_39542.jpg
p035,c3,img_60854.jpg
p035,c3,img_61328.jpg
p035,c3,img_31719.jpg
p035,c3,img_537.jpg
p035,c3,img_57015.jpg
p035,c3,img_41086.jpg
p035,c3,img_86656.jpg
p035,c3,img_11819.jpg
p035,c3,img_64814.jpg
p035,c3,img_31122.jpg
p035,c3,img_71049.jpg
p035,c3,img_72663.jpg
p035,c3,img_80791.jpg
p035,c3,img_2005.jpg
p035,c3,img_98206.jpg
p035,c3,img_93709.jpg
p035,c3,img_92901.jpg
p035,c3,img_32926.jpg
p035,c3,img_87873.jpg
p035,c3,img_52166.jpg
p035,c3,img_50308.jpg
p035,c3,img_48460.jpg
p035,c3,img_56930.jpg
p035,c3,img_80287.jpg
p035,c3,img_97427.jpg
p035,c3,img_96527.jpg
p035,c3,img_61136.jpg
p035,c3,img_32804.jpg
p035,c4,img_11773.jpg
p035,c4,img_60379.jpg
p035,c4,img_33111.jpg
p035,c4,img_19091.jpg
p035,c4,img_38694.jpg
p035,c4,img_38543.jpg
p035,c4,img_33448.jpg
p035,c4,img_40743.jpg
p035,c4,img_87316.jpg
p035,c4,img_38322.jpg
p035,c4,img_51183.jpg
p035,c4,img_46436.jpg
p035,c4,img_71568.jpg
p035,c4,img_78372.jpg
p035,c4,img_31758.jpg
p035,c4,img_80893.jpg
p035,c4,img_63482.jpg
p035,c4,img_27100.jpg
p035,c4,img_70827.jpg
p035,c4,img_12616.jpg
p035,c4,img_54456.jpg
p035,c4,img_23536.jpg
p035,c4,img_38297.jpg
p035,c4,img_65868.jpg
p035,c4,img_36973.jpg
p035,c4,img_68594.jpg
p035,c4,img_24394.jpg
p035,c4,img_98317.jpg
p035,c4,img_36320.jpg
p035,c4,img_77364.jpg
p035,c4,img_63301.jpg
p035,c4,img_70635.jpg
p035,c4,img_61436.jpg
p035,c4,img_84121.jpg
p035,c4,img_34230.jpg
p035,c4,img_48533.jpg
p035,c4,img_55104.jpg
p035,c4,img_68409.jpg
p035,c4,img_17566.jpg
p035,c4,img_8250.jpg
p035,c4,img_77199.jpg
p035,c4,img_73366.jpg
p035,c4,img_91678.jpg
p035,c4,img_5513.jpg
p035,c4,img_22202.jpg
p035,c4,img_34398.jpg
p035,c4,img_10902.jpg
p035,c4,img_91908.jpg
p035,c4,img_88824.jpg
p035,c4,img_47815.jpg
p035,c4,img_17996.jpg
p035,c4,img_69484.jpg
p035,c4,img_62615.jpg
p035,c4,img_22165.jpg
p035,c4,img_32465.jpg
p035,c4,img_101957.jpg
p035,c4,img_30451.jpg
p035,c4,img_9086.jpg
p035,c4,img_28423.jpg
p035,c4,img_31570.jpg
p035,c4,img_12719.jpg
p035,c4,img_72376.jpg
p035,c4,img_64670.jpg
p035,c4,img_84456.jpg
p035,c4,img_8574.jpg
p035,c4,img_39421.jpg
p035,c4,img_8119.jpg
p035,c4,img_52001.jpg
p035,c4,img_60417.jpg
p035,c4,img_52720.jpg
p035,c4,img_84074.jpg
p035,c4,img_10612.jpg
p035,c4,img_96567.jpg
p035,c4,img_65637.jpg
p035,c4,img_80489.jpg
p035,c4,img_3787.jpg
p035,c4,img_82799.jpg
p035,c4,img_18077.jpg
p035,c4,img_60305.jpg
p035,c4,img_98579.jpg
p035,c4,img_72984.jpg
p035,c4,img_31117.jpg
p035,c4,img_56731.jpg
p035,c4,img_88621.jpg
p035,c4,img_72409.jpg
p035,c4,img_36903.jpg
p035,c4,img_33240.jpg
p035,c4,img_66786.jpg
p035,c4,img_524.jpg
p035,c5,img_99965.jpg
p035,c5,img_43081.jpg
p035,c5,img_43091.jpg
p035,c5,img_14033.jpg
p035,c5,img_71930.jpg
p035,c5,img_94090.jpg
p035,c5,img_89638.jpg
p035,c5,img_86683.jpg
p035,c5,img_36328.jpg
p035,c5,img_68834.jpg
p035,c5,img_76436.jpg
p035,c5,img_31449.jpg
p035,c5,img_67575.jpg
p035,c5,img_96813.jpg
p035,c5,img_65320.jpg
p035,c5,img_39226.jpg
p035,c5,img_88945.jpg
p035,c5,img_93586.jpg
p035,c5,img_68449.jpg
p035,c5,img_35332.jpg
p035,c5,img_47014.jpg
p035,c5,img_62099.jpg
p035,c5,img_100472.jpg
p035,c5,img_17687.jpg
p035,c5,img_50458.jpg
p035,c5,img_41501.jpg
p035,c5,img_48282.jpg
p035,c5,img_47686.jpg
p035,c5,img_383.jpg
p035,c5,img_93637.jpg
p035,c5,img_7648.jpg
p035,c5,img_16455.jpg
p035,c5,img_5343.jpg
p035,c5,img_90878.jpg
p035,c5,img_78961.jpg
p035,c5,img_82016.jpg
p035,c5,img_5153.jpg
p035,c5,img_38638.jpg
p035,c5,img_87058.jpg
p035,c5,img_11136.jpg
p035,c5,img_63816.jpg
p035,c5,img_41485.jpg
p035,c5,img_90062.jpg
p035,c5,img_92217.jpg
p035,c5,img_86919.jpg
p035,c5,img_28341.jpg
p035,c5,img_8432.jpg
p035,c5,img_10760.jpg
p035,c5,img_54013.jpg
p035,c5,img_84714.jpg
p035,c5,img_8964.jpg
p035,c5,img_95487.jpg
p035,c5,img_99346.jpg
p035,c5,img_84217.jpg
p035,c5,img_40961.jpg
p035,c5,img_39485.jpg
p035,c5,img_92525.jpg
p035,c5,img_15112.jpg
p035,c5,img_90724.jpg
p035,c5,img_4242.jpg
p035,c5,img_33033.jpg
p035,c5,img_98614.jpg
p035,c5,img_88035.jpg
p035,c5,img_29521.jpg
p035,c5,img_18372.jpg
p035,c5,img_100993.jpg
p035,c5,img_10000.jpg
p035,c5,img_17156.jpg
p035,c5,img_48785.jpg
p035,c5,img_92746.jpg
p035,c5,img_56882.jpg
p035,c5,img_39448.jpg
p035,c5,img_89679.jpg
p035,c5,img_72362.jpg
p035,c5,img_90032.jpg
p035,c5,img_50043.jpg
p035,c5,img_41151.jpg
p035,c5,img_34080.jpg
p035,c5,img_667.jpg
p035,c5,img_49265.jpg
p035,c5,img_95144.jpg
p035,c5,img_84486.jpg
p035,c5,img_8261.jpg
p035,c5,img_51074.jpg
p035,c5,img_32636.jpg
p035,c5,img_23538.jpg
p035,c5,img_55809.jpg
p035,c5,img_98053.jpg
p035,c5,img_17216.jpg
p039,c0,img_25317.jpg
p039,c0,img_18802.jpg
p039,c0,img_101159.jpg
p039,c0,img_19863.jpg
p039,c0,img_34553.jpg
p039,c0,img_85138.jpg
p039,c0,img_66375.jpg
p039,c0,img_63126.jpg
p039,c0,img_50896.jpg
p039,c0,img_56494.jpg
p039,c0,img_83251.jpg
p039,c0,img_13938.jpg
p039,c0,img_71818.jpg
p039,c0,img_33494.jpg
p039,c0,img_22974.jpg
p039,c0,img_71078.jpg
p039,c0,img_56093.jpg
p039,c0,img_89586.jpg
p039,c0,img_25612.jpg
p039,c0,img_21618.jpg
p039,c0,img_83187.jpg
p039,c0,img_41715.jpg
p039,c0,img_91271.jpg
p039,c0,img_18959.jpg
p039,c0,img_37462.jpg
p039,c0,img_6481.jpg
p039,c0,img_82321.jpg
p039,c0,img_45609.jpg
p039,c0,img_6874.jpg
p039,c0,img_10167.jpg
p039,c0,img_41628.jpg
p039,c0,img_98143.jpg
p039,c0,img_14410.jpg
p039,c0,img_93094.jpg
p039,c0,img_57780.jpg
p039,c0,img_61366.jpg
p039,c0,img_2575.jpg
p039,c0,img_22590.jpg
p039,c0,img_79142.jpg
p039,c0,img_71538.jpg
p039,c0,img_47295.jpg
p039,c0,img_75944.jpg
p039,c0,img_33537.jpg
p039,c0,img_55325.jpg
p039,c0,img_65602.jpg
p039,c0,img_63077.jpg
p039,c0,img_97084.jpg
p039,c0,img_45994.jpg
p039,c0,img_75064.jpg
p039,c0,img_4854.jpg
p039,c0,img_46234.jpg
p039,c0,img_21301.jpg
p039,c0,img_81943.jpg
p039,c0,img_34146.jpg
p039,c0,img_40328.jpg
p039,c0,img_49906.jpg
p039,c0,img_22712.jpg
p039,c0,img_56734.jpg
p039,c0,img_12378.jpg
p039,c0,img_62698.jpg
p039,c0,img_84424.jpg
p039,c0,img_82721.jpg
p039,c0,img_35845.jpg
p039,c0,img_33009.jpg
p039,c0,img_95630.jpg
p039,c2,img_35658.jpg
p039,c2,img_16255.jpg
p039,c2,img_71104.jpg
p039,c2,img_68280.jpg
p039,c2,img_53252.jpg
p039,c2,img_71811.jpg
p039,c2,img_63649.jpg
p039,c2,img_5984.jpg
p039,c2,img_37557.jpg
p039,c2,img_73420.jpg
p039,c2,img_49364.jpg
p039,c2,img_66396.jpg
p039,c2,img_42731.jpg
p039,c2,img_29483.jpg
p039,c2,img_99489.jpg
p039,c2,img_53384.jpg
p039,c2,img_26379.jpg
p039,c2,img_61631.jpg
p039,c2,img_65505.jpg
p039,c2,img_88896.jpg
p039,c2,img_58452.jpg
p039,c2,img_89779.jpg
p039,c2,img_53014.jpg
p039,c2,img_20000.jpg
p039,c2,img_34038.jpg
p039,c2,img_81603.jpg
p039,c2,img_47368.jpg
p039,c2,img_86648.jpg
p039,c2,img_51750.jpg
p039,c2,img_62022.jpg
p039,c2,img_41781.jpg
p039,c2,img_32542.jpg
p039,c2,img_100168.jpg
p039,c2,img_44242.jpg
p039,c2,img_21772.jpg
p039,c2,img_60235.jpg
p039,c2,img_70753.jpg
p039,c2,img_31714.jpg
p039,c2,img_92701.jpg
p039,c2,img_7516.jpg
p039,c2,img_22473.jpg
p039,c2,img_98482.jpg
p039,c2,img_98148.jpg
p039,c2,img_65312.jpg
p039,c2,img_83488.jpg
p039,c2,img_75559.jpg
p039,c2,img_77948.jpg
p039,c2,img_31888.jpg
p039,c2,img_39776.jpg
p039,c2,img_41704.jpg
p039,c2,img_82525.jpg
p039,c2,img_46650.jpg
p039,c2,img_41592.jpg
p039,c2,img_5288.jpg
p039,c2,img_16218.jpg
p039,c2,img_70729.jpg
p039,c2,img_90620.jpg
p039,c2,img_46409.jpg
p039,c2,img_11257.jpg
p039,c2,img_66549.jpg
p039,c2,img_19136.jpg
p039,c2,img_11018.jpg
p039,c2,img_19267.jpg
p039,c2,img_35202.jpg
p039,c2,img_32614.jpg
p039,c2,img_562.jpg
p039,c2,img_91875.jpg
p039,c2,img_1138.jpg
p039,c2,img_37525.jpg
p039,c2,img_74288.jpg
p039,c3,img_612.jpg
p039,c3,img_41432.jpg
p039,c3,img_55997.jpg
p039,c3,img_14169.jpg
p039,c3,img_80688.jpg
p039,c3,img_25460.jpg
p039,c3,img_25072.jpg
p039,c3,img_32553.jpg
p039,c3,img_16935.jpg
p039,c3,img_25235.jpg
p039,c3,img_4578.jpg
p039,c3,img_72363.jpg
p039,c3,img_60735.jpg
p039,c3,img_50814.jpg
p039,c3,img_47284.jpg
p039,c3,img_5250.jpg
p039,c3,img_71150.jpg
p039,c3,img_82783.jpg
p039,c3,img_39940.jpg
p039,c3,img_48397.jpg
p039,c3,img_81076.jpg
p039,c3,img_84735.jpg
p039,c3,img_90442.jpg
p039,c3,img_83718.jpg
p039,c3,img_101921.jpg
p039,c3,img_100545.jpg
p039,c3,img_63135.jpg
p039,c3,img_96346.jpg
p039,c3,img_39268.jpg
p039,c3,img_37991.jpg
p039,c3,img_14320.jpg
p039,c3,img_32391.jpg
p039,c3,img_81826.jpg
p039,c3,img_68642.jpg
p039,c3,img_54285.jpg
p039,c3,img_30491.jpg
p039,c3,img_41584.jpg
p039,c3,img_82333.jpg
p039,c3,img_14671.jpg
p039,c3,img_15263.jpg
p039,c3,img_65237.jpg
p039,c3,img_41648.jpg
p039,c3,img_26231.jpg
p039,c3,img_35808.jpg
p039,c3,img_18969.jpg
p039,c3,img_38735.jpg
p039,c3,img_68699.jpg
p039,c3,img_39110.jpg
p039,c3,img_93663.jpg
p039,c3,img_40799.jpg
p039,c3,img_18931.jpg
p039,c3,img_57996.jpg
p039,c3,img_23042.jpg
p039,c3,img_26392.jpg
p039,c3,img_77309.jpg
p039,c3,img_46497.jpg
p039,c3,img_96465.jpg
p039,c3,img_53788.jpg
p039,c3,img_91804.jpg
p039,c3,img_92483.jpg
p039,c3,img_12848.jpg
p039,c3,img_89562.jpg
p039,c3,img_50393.jpg
p039,c3,img_3825.jpg
p039,c3,img_58834.jpg
p039,c4,img_57908.jpg
p039,c4,img_6725.jpg
p039,c4,img_20497.jpg
p039,c4,img_32925.jpg
p039,c4,img_28891.jpg
p039,c4,img_34127.jpg
p039,c4,img_64192.jpg
p039,c4,img_89406.jpg
p039,c4,img_42523.jpg
p039,c4,img_73878.jpg
p039,c4,img_94226.jpg
p039,c4,img_36224.jpg
p039,c4,img_11937.jpg
p039,c4,img_12716.jpg
p039,c4,img_77266.jpg
p039,c4,img_68873.jpg
p039,c4,img_70471.jpg
p039,c4,img_30929.jpg
p039,c4,img_19008.jpg
p039,c4,img_50408.jpg
p039,c4,img_93005.jpg
p039,c4,img_60935.jpg
p039,c4,img_88197.jpg
p039,c4,img_84680.jpg
p039,c4,img_90284.jpg
p039,c4,img_50781.jpg
p039,c4,img_74732.jpg
p039,c4,img_62804.jpg
p039,c4,img_96347.jpg
p039,c4,img_78405.jpg
p039,c4,img_60376.jpg
p039,c4,img_83269.jpg
p039,c4,img_72907.jpg
p039,c4,img_51660.jpg
p039,c4,img_33451.jpg
p039,c4,img_69790.jpg
p039,c4,img_3417.jpg
p039,c4,img_85546.jpg
p039,c4,img_14873.jpg
p039,c4,img_41044.jpg
p039,c4,img_97695.jpg
p039,c4,img_49490.jpg
p039,c4,img_39059.jpg
p039,c4,img_56244.jpg
p039,c4,img_16385.jpg
p039,c4,img_6785.jpg
p039,c4,img_52529.jpg
p039,c4,img_95437.jpg
p039,c4,img_28828.jpg
p039,c4,img_28935.jpg
p039,c4,img_64320.jpg
p039,c4,img_93285.jpg
p039,c4,img_58895.jpg
p039,c4,img_6211.jpg
p039,c4,img_87829.jpg
p039,c4,img_90158.jpg
p039,c4,img_56830.jpg
p039,c4,img_29070.jpg
p039,c4,img_10844.jpg
p039,c4,img_34757.jpg
p039,c4,img_59016.jpg
p039,c4,img_55176.jpg
p039,c5,img_34182.jpg
p039,c5,img_33007.jpg
p039,c5,img_4371.jpg
p039,c5,img_22514.jpg
p039,c5,img_14460.jpg
p039,c5,img_56937.jpg
p039,c5,img_29136.jpg
p039,c5,img_80618.jpg
p039,c5,img_58506.jpg
p039,c5,img_97526.jpg
p039,c5,img_38080.jpg
p039,c5,img_70478.jpg
p039,c5,img_85346.jpg
p039,c5,img_85672.jpg
p039,c5,img_71463.jpg
p039,c5,img_33189.jpg
p039,c5,img_72414.jpg
p039,c5,img_7440.jpg
p039,c5,img_90142.jpg
p039,c5,img_72355.jpg
p039,c5,img_20662.jpg
p039,c5,img_39373.jpg
p039,c5,img_11197.jpg
p039,c5,img_100913.jpg
p039,c5,img_56674.jpg
p039,c5,img_48631.jpg
p039,c5,img_52617.jpg
p039,c5,img_44549.jpg
p039,c5,img_64625.jpg
p039,c5,img_35194.jpg
p039,c5,img_60404.jpg
p039,c5,img_46735.jpg
p039,c5,img_69551.jpg
p039,c5,img_10620.jpg
p039,c5,img_17571.jpg
p039,c5,img_86233.jpg
p039,c5,img_33567.jpg
p039,c5,img_20583.jpg
p039,c5,img_26061.jpg
p039,c5,img_46525.jpg
p039,c5,img_42939.jpg
p039,c5,img_34479.jpg
p039,c5,img_22639.jpg
p039,c5,img_4369.jpg
p039,c5,img_51117.jpg
p039,c5,img_4959.jpg
p039,c5,img_43895.jpg
p039,c5,img_48698.jpg
p039,c5,img_24022.jpg
p039,c5,img_94304.jpg
p039,c5,img_23680.jpg
p039,c5,img_1016.jpg
p039,c5,img_3400.jpg
p039,c5,img_24315.jpg
p039,c5,img_77139.jpg
p039,c5,img_12293.jpg
p039,c5,img_61515.jpg
p039,c5,img_26226.jpg
p039,c5,img_2398.jpg
p039,c5,img_18424.jpg
p039,c5,img_41824.jpg
p039,c5,img_34306.jpg
p039,c5,img_87183.jpg
p039,c5,img_29409.jpg
p041,c0,img_15934.jpg
p041,c0,img_18806.jpg
p041,c0,img_96427.jpg
p041,c0,img_98920.jpg
p041,c0,img_28882.jpg
p041,c0,img_68161.jpg
p041,c0,img_57952.jpg
p041,c0,img_65621.jpg
p041,c0,img_93381.jpg
p041,c0,img_26599.jpg
p041,c0,img_1363.jpg
p041,c0,img_54822.jpg
p041,c0,img_54135.jpg
p041,c0,img_51874.jpg
p041,c0,img_13696.jpg
p041,c0,img_4441.jpg
p041,c0,img_13328.jpg
p041,c0,img_34274.jpg
p041,c0,img_91925.jpg
p041,c0,img_41494.jpg
p041,c0,img_67609.jpg
p041,c0,img_21470.jpg
p041,c0,img_48729.jpg
p041,c0,img_58022.jpg
p041,c0,img_59907.jpg
p041,c0,img_55890.jpg
p041,c0,img_47804.jpg
p041,c0,img_97738.jpg
p041,c0,img_74157.jpg
p041,c0,img_29135.jpg
p041,c0,img_75225.jpg
p041,c0,img_70605.jpg
p041,c0,img_80526.jpg
p041,c0,img_25883.jpg
p041,c0,img_10175.jpg
p041,c0,img_23874.jpg
p041,c0,img_62662.jpg
p041,c0,img_71170.jpg
p041,c0,img_41839.jpg
p041,c0,img_44442.jpg
p041,c0,img_3100.jpg
p041,c0,img_38732.jpg
p041,c0,img_96945.jpg
p041,c0,img_51559.jpg
p041,c0,img_91302.jpg
p041,c0,img_73544.jpg
p041,c0,img_89037.jpg
p041,c0,img_61038.jpg
p041,c0,img_18416.jpg
p041,c0,img_47486.jpg
p041,c0,img_18815.jpg
p041,c0,img_1230.jpg
p041,c0,img_18619.jpg
p041,c0,img_101392.jpg
p041,c0,img_23743.jpg
p041,c0,img_88191.jpg
p041,c0,img_94394.jpg
p041,c0,img_41025.jpg
p041,c0,img_94674.jpg
p041,c0,img_97525.jpg
p041,c2,img_5220.jpg
p041,c2,img_29309.jpg
p041,c2,img_71234.jpg
p041,c2,img_47995.jpg
p041,c2,img_1589.jpg
p041,c2,img_24303.jpg
p041,c2,img_76600.jpg
p041,c2,img_46631.jpg
p041,c2,img_43977.jpg
p041,c2,img_85758.jpg
p041,c2,img_28642.jpg
p041,c2,img_55939.jpg
p041,c2,img_38038.jpg
p041,c2,img_55519.jpg
p041,c2,img_17673.jpg
p041,c2,img_33197.jpg
p041,c2,img_74001.jpg
p041,c2,img_21094.jpg
p041,c2,img_57151.jpg
p041,c2,img_15447.jpg
p041,c2,img_36108.jpg
p041,c2,img_98164.jpg
p041,c2,img_29015.jpg
p041,c2,img_79093.jpg
p041,c2,img_23113.jpg
p041,c2,img_63442.jpg
p041,c2,img_84638.jpg
p041,c2,img_61661.jpg
p041,c2,img_95527.jpg
p041,c2,img_2962.jpg
p041,c2,img_72133.jpg
p041,c2,img_56382.jpg
p041,c2,img_20908.jpg
p041,c2,img_21198.jpg
p041,c2,img_44940.jpg
p041,c2,img_22244.jpg
p041,c2,img_70779.jpg
p041,c2,img_17701.jpg
p041,c2,img_29729.jpg
p041,c2,img_94415.jpg
p041,c2,img_7244.jpg
p041,c2,img_64407.jpg
p041,c2,img_7217.jpg
p041,c2,img_36563.jpg
p041,c2,img_94456.jpg
p041,c2,img_51015.jpg
p041,c2,img_92333.jpg
p041,c2,img_22169.jpg
p041,c2,img_86887.jpg
p041,c2,img_62041.jpg
p041,c2,img_18294.jpg
p041,c2,img_22964.jpg
p041,c2,img_40077.jpg
p041,c2,img_25880.jpg
p041,c2,img_79065.jpg
p041,c2,img_19115.jpg
p041,c2,img_76635.jpg
p041,c2,img_85222.jpg
p041,c2,img_48333.jpg
p041,c2,img_97201.jpg
p041,c3,img_86162.jpg
p041,c3,img_72497.jpg
p041,c3,img_56857.jpg
p041,c3,img_52375.jpg
p041,c3,img_43143.jpg
p041,c3,img_61110.jpg
p041,c3,img_101021.jpg
p041,c3,img_72283.jpg
p041,c3,img_97170.jpg
p041,c3,img_62880.jpg
p041,c3,img_57251.jpg
p041,c3,img_17147.jpg
p041,c3,img_89782.jpg
p041,c3,img_65535.jpg
p041,c3,img_93420.jpg
p041,c3,img_47452.jpg
p041,c3,img_24563.jpg
p041,c3,img_38857.jpg
p041,c3,img_60746.jpg
p041,c3,img_12214.jpg
p041,c3,img_25762.jpg
p041,c3,img_25657.jpg
p041,c3,img_71079.jpg
p041,c3,img_65308.jpg
p041,c3,img_38262.jpg
p041,c3,img_23585.jpg
p041,c3,img_1342.jpg
p041,c3,img_75029.jpg
p041,c3,img_32399.jpg
p041,c3,img_70038.jpg
p041,c3,img_51031.jpg
p041,c3,img_77359.jpg
p041,c3,img_36852.jpg
p041,c3,img_7798.jpg
p041,c3,img_21662.jpg
p041,c3,img_68416.jpg
p041,c3,img_94488.jpg
p041,c3,img_57770.jpg
p041,c3,img_78650.jpg
p041,c3,img_57710.jpg
p041,c3,img_80852.jpg
p041,c3,img_93325.jpg
p041,c3,img_32997.jpg
p041,c3,img_20553.jpg
p041,c3,img_43631.jpg
p041,c3,img_22555.jpg
p041,c3,img_12520.jpg
p041,c3,img_40827.jpg
p041,c3,img_55189.jpg
p041,c3,img_71430.jpg
p041,c3,img_85118.jpg
p041,c3,img_21358.jpg
p041,c3,img_31861.jpg
p041,c3,img_53600.jpg
p041,c3,img_74112.jpg
p041,c3,img_8276.jpg
p041,c3,img_61346.jpg
p041,c3,img_68776.jpg
p041,c3,img_69889.jpg
p041,c3,img_72533.jpg
p041,c4,img_97844.jpg
p041,c4,img_24973.jpg
p041,c4,img_70434.jpg
p041,c4,img_102043.jpg
p041,c4,img_16269.jpg
p041,c4,img_48809.jpg
p041,c4,img_35495.jpg
p041,c4,img_12474.jpg
p041,c4,img_73464.jpg
p041,c4,img_33416.jpg
p041,c4,img_72866.jpg
p041,c4,img_44750.jpg
p041,c4,img_55626.jpg
p041,c4,img_99583.jpg
p041,c4,img_76355.jpg
p041,c4,img_70351.jpg
p041,c4,img_52325.jpg
p041,c4,img_32678.jpg
p041,c4,img_4317.jpg
p041,c4,img_64918.jpg
p041,c4,img_14.jpg
p041,c4,img_25169.jpg
p041,c4,img_83455.jpg
p041,c4,img_36557.jpg
p041,c4,img_92227.jpg
p041,c4,img_25593.jpg
p041,c4,img_38417.jpg
p041,c4,img_29081.jpg
p041,c4,img_59137.jpg
p041,c4,img_34892.jpg
p041,c4,img_36887.jpg
p041,c4,img_32268.jpg
p041,c4,img_95256.jpg
p041,c4,img_53802.jpg
p041,c4,img_71511.jpg
p041,c4,img_89950.jpg
p041,c4,img_20595.jpg
p041,c4,img_28996.jpg
p041,c4,img_22041.jpg
p041,c4,img_12057.jpg
p041,c4,img_80275.jpg
p041,c4,img_76042.jpg
p041,c4,img_94845.jpg
p041,c4,img_37788.jpg
p041,c4,img_17198.jpg
p041,c4,img_93081.jpg
p041,c4,img_94859.jpg
p041,c4,img_18549.jpg
p041,c4,img_6717.jpg
p041,c4,img_71553.jpg
p041,c4,img_4042.jpg
p041,c4,img_9278.jpg
p041,c4,img_43924.jpg
p041,c4,img_56475.jpg
p041,c4,img_4353.jpg
p041,c4,img_1073.jpg
p041,c4,img_62685.jpg
p041,c4,img_56536.jpg
p041,c4,img_100361.jpg
p041,c4,img_95362.jpg
p041,c5,img_7490.jpg
p041,c5,img_93949.jpg
p041,c5,img_34447.jpg
p041,c5,img_19611.jpg
p041,c5,img_11892.jpg
p041,c5,img_49189.jpg
p041,c5,img_88912.jpg
p041,c5,img_91483.jpg
p041,c5,img_54621.jpg
p041,c5,img_100871.jpg
p041,c5,img_57751.jpg
p041,c5,img_59493.jpg
p041,c5,img_84874.jpg
p041,c5,img_67271.jpg
p041,c5,img_94196.jpg
p041,c5,img_66251.jpg
p041,c5,img_20399.jpg
p041,c5,img_29374.jpg
p041,c5,img_9111.jpg
p041,c5,img_56225.jpg
p041,c5,img_25277.jpg
p041,c5,img_11747.jpg
p041,c5,img_37508.jpg
p041,c5,img_96736.jpg
p041,c5,img_55437.jpg
p041,c5,img_21977.jpg
p041,c5,img_77510.jpg
p041,c5,img_81212.jpg
p041,c5,img_81903.jpg
p041,c5,img_95984.jpg
p041,c5,img_38120.jpg
p041,c5,img_9874.jpg
p041,c5,img_46380.jpg
p041,c5,img_49630.jpg
p041,c5,img_52148.jpg
p041,c5,img_69634.jpg
p041,c5,img_100905.jpg
p041,c5,img_65138.jpg
p041,c5,img_31059.jpg
p041,c5,img_11748.jpg
p041,c5,img_8327.jpg
p041,c5,img_54110.jpg
p041,c5,img_99748.jpg
p041,c5,img_60586.jpg
p041,c5,img_42331.jpg
p041,c5,img_76603.jpg
p041,c5,img_69580.jpg
p041,c5,img_35883.jpg
p041,c5,img_34794.jpg
p041,c5,img_9848.jpg
p041,c5,img_59195.jpg
p041,c5,img_18193.jpg
p041,c5,img_37512.jpg
p041,c5,img_4341.jpg
p041,c5,img_80629.jpg
p041,c5,img_58231.jpg
p041,c5,img_96529.jpg
p041,c5,img_9369.jpg
p041,c5,img_22905.jpg
p041,c5,img_27428.jpg
p041,c5,img_66897.jpg
p042,c0,img_44073.jpg
p042,c0,img_10570.jpg
p042,c0,img_50819.jpg
p042,c0,img_63414.jpg
p042,c0,img_17524.jpg
p042,c0,img_86714.jpg
p042,c0,img_19303.jpg
p042,c0,img_57365.jpg
p042,c0,img_46834.jpg
p042,c0,img_69558.jpg
p042,c0,img_13033.jpg
p042,c0,img_68999.jpg
p042,c0,img_35369.jpg
p042,c0,img_100145.jpg
p042,c0,img_34518.jpg
p042,c0,img_31251.jpg
p042,c0,img_99635.jpg
p042,c0,img_23449.jpg
p042,c0,img_73479.jpg
p042,c0,img_54533.jpg
p042,c0,img_14705.jpg
p042,c0,img_101414.jpg
p042,c0,img_96406.jpg
p042,c0,img_97987.jpg
p042,c0,img_8122.jpg
p042,c0,img_56142.jpg
p042,c0,img_40349.jpg
p042,c0,img_59032.jpg
p042,c0,img_88552.jpg
p042,c0,img_81503.jpg
p042,c0,img_79384.jpg
p042,c0,img_41282.jpg
p042,c0,img_64030.jpg
p042,c0,img_72276.jpg
p042,c0,img_94525.jpg
p042,c0,img_72204.jpg
p042,c0,img_101673.jpg
p042,c0,img_36943.jpg
p042,c0,img_69183.jpg
p042,c0,img_5929.jpg
p042,c0,img_18799.jpg
p042,c0,img_83438.jpg
p042,c0,img_24204.jpg
p042,c0,img_74374.jpg
p042,c0,img_65833.jpg
p042,c0,img_10652.jpg
p042,c0,img_70230.jpg
p042,c0,img_7990.jpg
p042,c0,img_50384.jpg
p042,c0,img_1929.jpg
p042,c0,img_13935.jpg
p042,c0,img_51658.jpg
p042,c0,img_93907.jpg
p042,c0,img_96975.jpg
p042,c0,img_44655.jpg
p042,c0,img_58568.jpg
p042,c0,img_18940.jpg
p042,c0,img_56666.jpg
p042,c0,img_70144.jpg
p042,c2,img_69455.jpg
p042,c2,img_44586.jpg
p042,c2,img_29672.jpg
p042,c2,img_32436.jpg
p042,c2,img_77593.jpg
p042,c2,img_57855.jpg
p042,c2,img_13233.jpg
p042,c2,img_52893.jpg
p042,c2,img_8037.jpg
p042,c2,img_70256.jpg
p042,c2,img_35528.jpg
p042,c2,img_31871.jpg
p042,c2,img_44660.jpg
p042,c2,img_58440.jpg
p042,c2,img_68486.jpg
p042,c2,img_28092.jpg
p042,c2,img_81421.jpg
p042,c2,img_12530.jpg
p042,c2,img_33067.jpg
p042,c2,img_501.jpg
p042,c2,img_89359.jpg
p042,c2,img_32895.jpg
p042,c2,img_4398.jpg
p042,c2,img_23946.jpg
p042,c2,img_67835.jpg
p042,c2,img_1394.jpg
p042,c2,img_73564.jpg
p042,c2,img_48891.jpg
p042,c2,img_60975.jpg
p042,c2,img_97520.jpg
p042,c2,img_24371.jpg
p042,c2,img_35930.jpg
p042,c2,img_38761.jpg
p042,c2,img_60670.jpg
p042,c2,img_42006.jpg
p042,c2,img_79923.jpg
p042,c2,img_79797.jpg
p042,c2,img_64403.jpg
p042,c2,img_9418.jpg
p042,c2,img_59874.jpg
p042,c2,img_43527.jpg
p042,c2,img_15440.jpg
p042,c2,img_44139.jpg
p042,c2,img_45607.jpg
p042,c2,img_54408.jpg
p042,c2,img_6938.jpg
p042,c2,img_38873.jpg
p042,c2,img_71557.jpg
p042,c2,img_62167.jpg
p042,c2,img_34791.jpg
p042,c2,img_64773.jpg
p042,c2,img_33593.jpg
p042,c2,img_32050.jpg
p042,c2,img_78324.jpg
p042,c2,img_93396.jpg
p042,c2,img_9662.jpg
p042,c2,img_88362.jpg
p042,c2,img_30349.jpg
p042,c2,img_91717.jpg
p042,c2,img_90495.jpg
p042,c3,img_62420.jpg
p042,c3,img_47186.jpg
p042,c3,img_19533.jpg
p042,c3,img_95867.jpg
p042,c3,img_50738.jpg
p042,c3,img_4482.jpg
p042,c3,img_60885.jpg
p042,c3,img_8919.jpg
p042,c3,img_74591.jpg
p042,c3,img_81417.jpg
p042,c3,img_33293.jpg
p042,c3,img_3357.jpg
p042,c3,img_100691.jpg
p042,c3,img_64488.jpg
p042,c3,img_27169.jpg
p042,c3,img_49125.jpg
p042,c3,img_7097.jpg
p042,c3,img_98935.jpg
p042,c3,img_85819.jpg
p042,c3,img_24165.jpg
p042,c3,img_58279.jpg
p042,c3,img_87565.jpg
p042,c3,img_43399.jpg
p042,c3,img_57294.jpg
p042,c3,img_16095.jpg
p042,c3,img_54784.jpg
p042,c3,img_1323.jpg
p042,c3,img_15132.jpg
p042,c3,img_95593.jpg
p042,c3,img_22006.jpg
p042,c3,img_83445.jpg
p042,c3,img_67591.jpg
p042,c3,img_95786.jpg
p042,c3,img_3040.jpg
p042,c3,img_62877.jpg
p042,c3,img_64861.jpg
p042,c3,img_28978.jpg
p042,c3,img_58292.jpg
p042,c3,img_45809.jpg
p042,c3,img_12035.jpg
p042,c3,img_67160.jpg
p042,c3,img_33339.jpg
p042,c3,img_27140.jpg
p042,c3,img_62291.jpg
p042,c3,img_78515.jpg
p042,c3,img_65564.jpg
p042,c3,img_51642.jpg
p042,c3,img_49343.jpg
p042,c3,img_63963.jpg
p042,c3,img_101118.jpg
p042,c3,img_34559.jpg
p042,c3,img_24562.jpg
p042,c3,img_95879.jpg
p042,c3,img_96525.jpg
p042,c3,img_5295.jpg
p042,c3,img_14501.jpg
p042,c3,img_68679.jpg
p042,c3,img_79003.jpg
p042,c3,img_58967.jpg
p042,c4,img_84490.jpg
p042,c4,img_81171.jpg
p042,c4,img_40986.jpg
p042,c4,img_85564.jpg
p042,c4,img_2875.jpg
p042,c4,img_76508.jpg
p042,c4,img_50018.jpg
p042,c4,img_69716.jpg
p042,c4,img_84278.jpg
p042,c4,img_74359.jpg
p042,c4,img_74110.jpg
p042,c4,img_5496.jpg
p042,c4,img_77296.jpg
p042,c4,img_60013.jpg
p042,c4,img_16503.jpg
p042,c4,img_77852.jpg
p042,c4,img_71272.jpg
p042,c4,img_58643.jpg
p042,c4,img_6457.jpg
p042,c4,img_11832.jpg
p042,c4,img_47116.jpg
p042,c4,img_13290.jpg
p042,c4,img_82130.jpg
p042,c4,img_89043.jpg
p042,c4,img_85247.jpg
p042,c4,img_57664.jpg
p042,c4,img_29914.jpg
p042,c4,img_57404.jpg
p042,c4,img_445.jpg
p042,c4,img_87092.jpg
p042,c4,img_34627.jpg
p042,c4,img_95737.jpg
p042,c4,img_50344.jpg
p042,c4,img_48907.jpg
p042,c4,img_99805.jpg
p042,c4,img_87911.jpg
p042,c4,img_44465.jpg
p042,c4,img_72504.jpg
p042,c4,img_30264.jpg
p042,c4,img_33760.jpg
p042,c4,img_68488.jpg
p042,c4,img_81838.jpg
p042,c4,img_60938.jpg
p042,c4,img_41635.jpg
p042,c4,img_38896.jpg
p042,c4,img_96353.jpg
p042,c4,img_95744.jpg
p042,c4,img_26436.jpg
p042,c4,img_30874.jpg
p042,c4,img_34512.jpg
p042,c4,img_7479.jpg
p042,c4,img_18227.jpg
p042,c4,img_53512.jpg
p042,c4,img_30384.jpg
p042,c4,img_19239.jpg
p042,c4,img_70271.jpg
p042,c4,img_60889.jpg
p042,c4,img_57658.jpg
p042,c5,img_78708.jpg
p042,c5,img_7010.jpg
p042,c5,img_62115.jpg
p042,c5,img_53077.jpg
p042,c5,img_12211.jpg
p042,c5,img_59994.jpg
p042,c5,img_47157.jpg
p042,c5,img_18028.jpg
p042,c5,img_67480.jpg
p042,c5,img_25026.jpg
p042,c5,img_43426.jpg
p042,c5,img_72051.jpg
p042,c5,img_16657.jpg
p042,c5,img_12126.jpg
p042,c5,img_66671.jpg
p042,c5,img_27866.jpg
p042,c5,img_11759.jpg
p042,c5,img_13456.jpg
p042,c5,img_86359.jpg
p042,c5,img_58382.jpg
p042,c5,img_41798.jpg
p042,c5,img_85324.jpg
p042,c5,img_86820.jpg
p042,c5,img_25009.jpg
p042,c5,img_4810.jpg
p042,c5,img_5482.jpg
p042,c5,img_15019.jpg
p042,c5,img_70746.jpg
p042,c5,img_100215.jpg
p042,c5,img_97543.jpg
p042,c5,img_80498.jpg
p042,c5,img_70670.jpg
p042,c5,img_34098.jpg
p042,c5,img_46054.jpg
p042,c5,img_39124.jpg
p042,c5,img_22821.jpg
p042,c5,img_9822.jpg
p042,c5,img_34373.jpg
p042,c5,img_20905.jpg
p042,c5,img_26547.jpg
p042,c5,img_84277.jpg
p042,c5,img_62969.jpg
p042,c5,img_91896.jpg
p042,c5,img_15962.jpg
p042,c5,img_59713.jpg
p042,c5,img_6845.jpg
p042,c5,img_23267.jpg
p042,c5,img_38029.jpg
p042,c5,img_24142.jpg
p042,c5,img_82777.jpg
p042,c5,img_62785.jpg
p042,c5,img_55613.jpg
p042,c5,img_1584.jpg
p042,c5,img_35818.jpg
p042,c5,img_23759.jpg
p042,c5,img_10435.jpg
p042,c5,img_81259.jpg
p042,c5,img_38239.jpg
p042,c5,img_97184.jpg
p045,c0,img_38722.jpg
p045,c0,img_2236.jpg
p045,c0,img_1942.jpg
p045,c0,img_99281.jpg
p045,c0,img_74590.jpg
p045,c0,img_54393.jpg
p045,c0,img_32994.jpg
p045,c0,img_90059.jpg
p045,c0,img_59237.jpg
p045,c0,img_89574.jpg
p045,c0,img_73626.jpg
p045,c0,img_93261.jpg
p045,c0,img_31094.jpg
p045,c0,img_51935.jpg
p045,c0,img_81530.jpg
p045,c0,img_46034.jpg
p045,c0,img_83586.jpg
p045,c0,img_95667.jpg
p045,c0,img_9724.jpg
p045,c0,img_4399.jpg
p045,c0,img_12772.jpg
p045,c0,img_80241.jpg
p045,c0,img_102025.jpg
p045,c0,img_97031.jpg
p045,c0,img_24234.jpg
p045,c0,img_38843.jpg
p045,c0,img_14492.jpg
p045,c0,img_100605.jpg
p045,c0,img_71091.jpg
p045,c0,img_90719.jpg
p045,c0,img_93914.jpg
p045,c0,img_1487.jpg
p045,c0,img_52801.jpg
p045,c0,img_42975.jpg
p045,c0,img_2992.jpg
p045,c0,img_65981.jpg
p045,c0,img_99251.jpg
p045,c0,img_84384.jpg
p045,c0,img_5716.jpg
p045,c0,img_68933.jpg
p045,c0,img_78805.jpg
p045,c0,img_85555.jpg
p045,c0,img_94863.jpg
p045,c0,img_43848.jpg
p045,c0,img_41348.jpg
p045,c0,img_64106.jpg
p045,c0,img_66982.jpg
p045,c0,img_55933.jpg
p045,c0,img_5349.jpg
p045,c0,img_14313.jpg
p045,c0,img_29863.jpg
p045,c0,img_41813.jpg
p045,c0,img_28569.jpg
p045,c0,img_72874.jpg
p045,c0,img_18738.jpg
p045,c0,img_1236.jpg
p045,c0,img_76559.jpg
p045,c0,img_41128.jpg
p045,c0,img_74002.jpg
p045,c0,img_42643.jpg
p045,c0,img_32321.jpg
p045,c0,img_15073.jpg
p045,c0,img_72599.jpg
p045,c0,img_97506.jpg
p045,c0,img_71387.jpg
p045,c0,img_76028.jpg
p045,c0,img_97165.jpg
p045,c0,img_58629.jpg
p045,c0,img_56588.jpg
p045,c0,img_54792.jpg
p045,c0,img_58881.jpg
p045,c0,img_58502.jpg
p045,c0,img_5846.jpg
p045,c0,img_16486.jpg
p045,c0,img_2545.jpg
p045,c2,img_1803.jpg
p045,c2,img_72887.jpg
p045,c2,img_45570.jpg
p045,c2,img_51873.jpg
p045,c2,img_11202.jpg
p045,c2,img_12573.jpg
p045,c2,img_50990.jpg
p045,c2,img_34699.jpg
p045,c2,img_82912.jpg
p045,c2,img_9415.jpg
p045,c2,img_12784.jpg
p045,c2,img_74494.jpg
p045,c2,img_66779.jpg
p045,c2,img_4805.jpg
p045,c2,img_42932.jpg
p045,c2,img_54046.jpg
p045,c2,img_42664.jpg
p045,c2,img_79898.jpg
p045,c2,img_59707.jpg
p045,c2,img_38818.jpg
p045,c2,img_2046.jpg
p045,c2,img_25667.jpg
p045,c2,img_73003.jpg
p045,c2,img_38445.jpg
p045,c2,img_10697.jpg
p045,c2,img_44976.jpg
p045,c2,img_31422.jpg
p045,c2,img_85046.jpg
p045,c2,img_89151.jpg
p045,c2,img_70825.jpg
p045,c2,img_72348.jpg
p045,c2,img_23270.jpg
p045,c2,img_78385.jpg
p045,c2,img_94777.jpg
p045,c2,img_3348.jpg
p045,c2,img_63158.jpg
p045,c2,img_13894.jpg
p045,c2,img_34169.jpg
p045,c2,img_74459.jpg
p045,c2,img_27476.jpg
p045,c2,img_21762.jpg
p045,c2,img_44615.jpg
p045,c2,img_100242.jpg
p045,c2,img_5579.jpg
p045,c2,img_23933.jpg
p045,c2,img_42989.jpg
p045,c2,img_4701.jpg
p045,c2,img_29810.jpg
p045,c2,img_8189.jpg
p045,c2,img_88728.jpg
p045,c2,img_71014.jpg
p045,c2,img_4838.jpg
p045,c2,img_53195.jpg
p045,c2,img_47918.jpg
p045,c2,img_83260.jpg
p045,c2,img_84976.jpg
p045,c2,img_69210.jpg
p045,c2,img_48247.jpg
p045,c2,img_19512.jpg
p045,c2,img_23516.jpg
p045,c2,img_83496.jpg
p045,c2,img_49672.jpg
p045,c2,img_20066.jpg
p045,c2,img_95480.jpg
p045,c2,img_22028.jpg
p045,c2,img_94932.jpg
p045,c2,img_36245.jpg
p045,c2,img_50667.jpg
p045,c2,img_101653.jpg
p045,c2,img_45603.jpg
p045,c2,img_85353.jpg
p045,c2,img_27943.jpg
p045,c2,img_84225.jpg
p045,c2,img_88355.jpg
p045,c2,img_61091.jpg
p045,c2,img_5487.jpg
p045,c3,img_16658.jpg
p045,c3,img_91849.jpg
p045,c3,img_36017.jpg
p045,c3,img_89714.jpg
p045,c3,img_12717.jpg
p045,c3,img_69655.jpg
p045,c3,img_21620.jpg
p045,c3,img_20406.jpg
p045,c3,img_49997.jpg
p045,c3,img_39308.jpg
p045,c3,img_63673.jpg
p045,c3,img_67045.jpg
p045,c3,img_27556.jpg
p045,c3,img_80673.jpg
p045,c3,img_40945.jpg
p045,c3,img_72009.jpg
p045,c3,img_70031.jpg
p045,c3,img_32122.jpg
p045,c3,img_42392.jpg
p045,c3,img_77556.jpg
p045,c3,img_14888.jpg
p045,c3,img_48350.jpg
p045,c3,img_17853.jpg
p045,c3,img_58343.jpg
p045,c3,img_99870.jpg
p045,c3,img_1921.jpg
p045,c3,img_48872.jpg
p045,c3,img_87171.jpg
p045,c3,img_49216.jpg
p045,c3,img_86815.jpg
p045,c3,img_16065.jpg
p045,c3,img_9546.jpg
p045,c3,img_42539.jpg
p045,c3,img_22625.jpg
p045,c3,img_53871.jpg
p045,c3,img_12674.jpg
p045,c3,img_23370.jpg
p045,c3,img_25062.jpg
p045,c3,img_26377.jpg
p045,c3,img_40366.jpg
p045,c3,img_13325.jpg
p045,c3,img_55546.jpg
p045,c3,img_61794.jpg
p045,c3,img_45368.jpg
p045,c3,img_82057.jpg
p045,c3,img_34863.jpg
p045,c3,img_40643.jpg
p045,c3,img_62089.jpg
p045,c3,img_22474.jpg
p045,c3,img_101906.jpg
p045,c3,img_78790.jpg
p045,c3,img_87618.jpg
p045,c3,img_98282.jpg
p045,c3,img_14715.jpg
p045,c3,img_100611.jpg
p045,c3,img_18343.jpg
p045,c3,img_20694.jpg
p045,c3,img_47426.jpg
p045,c3,img_56701.jpg
p045,c3,img_16548.jpg
p045,c3,img_5328.jpg
p045,c3,img_101310.jpg
p045,c3,img_44987.jpg
p045,c3,img_94753.jpg
p045,c3,img_100503.jpg
p045,c3,img_95959.jpg
p045,c3,img_44049.jpg
p045,c3,img_95389.jpg
p045,c3,img_40982.jpg
p045,c3,img_22448.jpg
p045,c3,img_6836.jpg
p045,c3,img_93491.jpg
p045,c3,img_53094.jpg
p045,c3,img_10068.jpg
p045,c3,img_57604.jpg
p045,c4,img_40267.jpg
p045,c4,img_88581.jpg
p045,c4,img_67752.jpg
p045,c4,img_17852.jpg
p045,c4,img_101298.jpg
p045,c4,img_74566.jpg
p045,c4,img_90627.jpg
p045,c4,img_18609.jpg
p045,c4,img_100561.jpg
p045,c4,img_45659.jpg
p045,c4,img_3761.jpg
p045,c4,img_62201.jpg
p045,c4,img_87028.jpg
p045,c4,img_52138.jpg
p045,c4,img_101437.jpg
p045,c4,img_89598.jpg
p045,c4,img_33486.jpg
p045,c4,img_52425.jpg
p045,c4,img_2625.jpg
p045,c4,img_72608.jpg
p045,c4,img_1762.jpg
p045,c4,img_79272.jpg
p045,c4,img_26101.jpg
p045,c4,img_52883.jpg
p045,c4,img_77971.jpg
p045,c4,img_93732.jpg
p045,c4,img_66281.jpg
p045,c4,img_43268.jpg
p045,c4,img_71495.jpg
p045,c4,img_40907.jpg
p045,c4,img_19413.jpg
p045,c4,img_44871.jpg
p045,c4,img_83689.jpg
p045,c4,img_21023.jpg
p045,c4,img_95599.jpg
p045,c4,img_36459.jpg
p045,c4,img_46854.jpg
p045,c4,img_12553.jpg
p045,c4,img_21938.jpg
p045,c4,img_36999.jpg
p045,c4,img_73233.jpg
p045,c4,img_21609.jpg
p045,c4,img_55409.jpg
p045,c4,img_84765.jpg
p045,c4,img_27691.jpg
p045,c4,img_43001.jpg
p045,c4,img_81528.jpg
p045,c4,img_92684.jpg
p045,c4,img_100371.jpg
p045,c4,img_77761.jpg
p045,c4,img_97353.jpg
p045,c4,img_94136.jpg
p045,c4,img_43424.jpg
p045,c4,img_73222.jpg
p045,c4,img_61744.jpg
p045,c4,img_74225.jpg
p045,c4,img_50677.jpg
p045,c4,img_79366.jpg
p045,c4,img_16541.jpg
p045,c4,img_30270.jpg
p045,c4,img_95990.jpg
p045,c4,img_76793.jpg
p045,c4,img_31336.jpg
p045,c4,img_62945.jpg
p045,c4,img_27445.jpg
p045,c4,img_6973.jpg
p045,c4,img_2999.jpg
p045,c4,img_79019.jpg
p045,c4,img_48459.jpg
p045,c4,img_88744.jpg
p045,c4,img_81551.jpg
p045,c4,img_3837.jpg
p045,c4,img_16096.jpg
p045,c4,img_31318.jpg
p045,c4,img_85080.jpg
p045,c5,img_66778.jpg
p045,c5,img_66201.jpg
p045,c5,img_79401.jpg
p045,c5,img_28124.jpg
p045,c5,img_52787.jpg
p045,c5,img_38067.jpg
p045,c5,img_39806.jpg
p045,c5,img_61808.jpg
p045,c5,img_14774.jpg
p045,c5,img_66556.jpg
p045,c5,img_98131.jpg
p045,c5,img_18368.jpg
p045,c5,img_91808.jpg
p045,c5,img_5011.jpg
p045,c5,img_24259.jpg
p045,c5,img_52501.jpg
p045,c5,img_78634.jpg
p045,c5,img_64290.jpg
p045,c5,img_77363.jpg
p045,c5,img_78504.jpg
p045,c5,img_31908.jpg
p045,c5,img_3705.jpg
p045,c5,img_56895.jpg
p045,c5,img_70254.jpg
p045,c5,img_35582.jpg
p045,c5,img_7915.jpg
p045,c5,img_83292.jpg
p045,c5,img_27092.jpg
p045,c5,img_37568.jpg
p045,c5,img_33323.jpg
p045,c5,img_45965.jpg
p045,c5,img_85848.jpg
p045,c5,img_66501.jpg
p045,c5,img_97273.jpg
p045,c5,img_29446.jpg
p045,c5,img_95639.jpg
p045,c5,img_9405.jpg
p045,c5,img_6645.jpg
p045,c5,img_51706.jpg
p045,c5,img_138.jpg
p045,c5,img_42330.jpg
p045,c5,img_44922.jpg
p045,c5,img_69824.jpg
p045,c5,img_4767.jpg
p045,c5,img_54987.jpg
p045,c5,img_15928.jpg
p045,c5,img_86442.jpg
p045,c5,img_80571.jpg
p045,c5,img_76680.jpg
p045,c5,img_58854.jpg
p045,c5,img_26754.jpg
p045,c5,img_54341.jpg
p045,c5,img_69478.jpg
p045,c5,img_3178.jpg
p045,c5,img_74529.jpg
p045,c5,img_10318.jpg
p045,c5,img_29024.jpg
p045,c5,img_101578.jpg
p045,c5,img_38964.jpg
p045,c5,img_43618.jpg
p045,c5,img_71551.jpg
p045,c5,img_93313.jpg
p045,c5,img_82888.jpg
p045,c5,img_87062.jpg
p045,c5,img_93157.jpg
p045,c5,img_27454.jpg
p045,c5,img_78060.jpg
p045,c5,img_79489.jpg
p045,c5,img_75159.jpg
p045,c5,img_51290.jpg
p045,c5,img_54622.jpg
p045,c5,img_46761.jpg
p045,c5,img_99497.jpg
p045,c5,img_42817.jpg
p045,c5,img_22170.jpg
p045,c5,img_30288.jpg
p047,c0,img_35373.jpg
p047,c0,img_50636.jpg
p047,c0,img_21289.jpg
p047,c0,img_78893.jpg
p047,c0,img_96307.jpg
p047,c0,img_57869.jpg
p047,c0,img_74623.jpg
p047,c0,img_31798.jpg
p047,c0,img_29282.jpg
p047,c0,img_7411.jpg
p047,c0,img_63152.jpg
p047,c0,img_100665.jpg
p047,c0,img_67090.jpg
p047,c0,img_45290.jpg
p047,c0,img_66407.jpg
p047,c0,img_52098.jpg
p047,c0,img_67071.jpg
p047,c0,img_29751.jpg
p047,c0,img_94642.jpg
p047,c0,img_71308.jpg
p047,c0,img_30330.jpg
p047,c0,img_84099.jpg
p047,c0,img_31024.jpg
p047,c0,img_94299.jpg
p047,c0,img_67874.jpg
p047,c0,img_10710.jpg
p047,c0,img_76609.jpg
p047,c0,img_14365.jpg
p047,c0,img_15822.jpg
p047,c0,img_60963.jpg
p047,c0,img_93930.jpg
p047,c0,img_58324.jpg
p047,c0,img_80539.jpg
p047,c0,img_52676.jpg
p047,c0,img_800.jpg
p047,c0,img_38023.jpg
p047,c0,img_77558.jpg
p047,c0,img_66454.jpg
p047,c0,img_74410.jpg
p047,c0,img_93835.jpg
p047,c0,img_65439.jpg
p047,c0,img_43346.jpg
p047,c0,img_8415.jpg
p047,c0,img_2420.jpg
p047,c0,img_13263.jpg
p047,c0,img_101113.jpg
p047,c0,img_10651.jpg
p047,c0,img_3093.jpg
p047,c0,img_30069.jpg
p047,c0,img_65978.jpg
p047,c0,img_9696.jpg
p047,c0,img_844.jpg
p047,c0,img_33353.jpg
p047,c0,img_6178.jpg
p047,c0,img_47582.jpg
p047,c0,img_34995.jpg
p047,c0,img_60498.jpg
p047,c0,img_65647.jpg
p047,c0,img_87666.jpg
p047,c0,img_58686.jpg
p047,c0,img_37092.jpg
p047,c0,img_32280.jpg
p047,c0,img_5656.jpg
p047,c0,img_54868.jpg
p047,c0,img_46771.jpg
p047,c0,img_53437.jpg
p047,c0,img_61375.jpg
p047,c0,img_37575.jpg
p047,c0,img_81192.jpg
p047,c0,img_44388.jpg
p047,c0,img_51330.jpg
p047,c0,img_83748.jpg
p047,c0,img_96123.jpg
p047,c0,img_96443.jpg
p047,c0,img_51569.jpg
p047,c0,img_83654.jpg
p047,c0,img_59936.jpg
p047,c0,img_92203.jpg
p047,c0,img_35841.jpg
p047,c0,img_16494.jpg
p047,c2,img_60616.jpg
p047,c2,img_38581.jpg
p047,c2,img_26415.jpg
p047,c2,img_101769.jpg
p047,c2,img_60788.jpg
p047,c2,img_56198.jpg
p047,c2,img_70830.jpg
p047,c2,img_66457.jpg
p047,c2,img_51949.jpg
p047,c2,img_40534.jpg
p047,c2,img_97655.jpg
p047,c2,img_22350.jpg
p047,c2,img_484.jpg
p047,c2,img_78370.jpg
p047,c2,img_14305.jpg
p047,c2,img_64443.jpg
p047,c2,img_77690.jpg
p047,c2,img_66051.jpg
p047,c2,img_69150.jpg
p047,c2,img_97672.jpg
p047,c2,img_5685.jpg
p047,c2,img_45180.jpg
p047,c2,img_57149.jpg
p047,c2,img_68641.jpg
p047,c2,img_49201.jpg
p047,c2,img_7655.jpg
p047,c2,img_37059.jpg
p047,c2,img_1103.jpg
p047,c2,img_69543.jpg
p047,c2,img_50650.jpg
p047,c2,img_88440.jpg
p047,c2,img_21584.jpg
p047,c2,img_77654.jpg
p047,c2,img_41739.jpg
p047,c2,img_34407.jpg
p047,c2,img_47342.jpg
p047,c2,img_71533.jpg
p047,c2,img_43852.jpg
p047,c2,img_76144.jpg
p047,c2,img_100627.jpg
p047,c2,img_19260.jpg
p047,c2,img_37561.jpg
p047,c2,img_33108.jpg
p047,c2,img_36733.jpg
p047,c2,img_7342.jpg
p047,c2,img_75914.jpg
p047,c2,img_67521.jpg
p047,c2,img_27913.jpg
p047,c2,img_58128.jpg
p047,c2,img_52180.jpg
p047,c2,img_64014.jpg
p047,c2,img_67592.jpg
p047,c2,img_21456.jpg
p047,c2,img_26272.jpg
p047,c2,img_186.jpg
p047,c2,img_40063.jpg
p047,c2,img_98819.jpg
p047,c2,img_30538.jpg
p047,c2,img_92707.jpg
p047,c2,img_7095.jpg
p047,c2,img_59765.jpg
p047,c2,img_51968.jpg
p047,c2,img_81191.jpg
p047,c2,img_74799.jpg
p047,c2,img_5764.jpg
p047,c2,img_59380.jpg
p047,c2,img_8379.jpg
p047,c2,img_8013.jpg
p047,c2,img_51859.jpg
p047,c2,img_92930.jpg
p047,c2,img_93760.jpg
p047,c2,img_39792.jpg
p047,c2,img_68403.jpg
p047,c2,img_99656.jpg
p047,c2,img_16470.jpg
p047,c2,img_34158.jpg
p047,c2,img_81410.jpg
p047,c2,img_17049.jpg
p047,c2,img_36964.jpg
p047,c2,img_41687.jpg
p047,c2,img_82660.jpg
p047,c3,img_51230.jpg
p047,c3,img_25740.jpg
p047,c3,img_31948.jpg
p047,c3,img_95543.jpg
p047,c3,img_91094.jpg
p047,c3,img_39740.jpg
p047,c3,img_90039.jpg
p047,c3,img_19484.jpg
p047,c3,img_30797.jpg
p047,c3,img_4778.jpg
p047,c3,img_10748.jpg
p047,c3,img_27636.jpg
p047,c3,img_31862.jpg
p047,c3,img_28316.jpg
p047,c3,img_2284.jpg
p047,c3,img_34567.jpg
p047,c3,img_18618.jpg
p047,c3,img_94549.jpg
p047,c3,img_40030.jpg
p047,c3,img_1337.jpg
p047,c3,img_30376.jpg
p047,c3,img_9529.jpg
p047,c3,img_96052.jpg
p047,c3,img_68702.jpg
p047,c3,img_64898.jpg
p047,c3,img_63915.jpg
p047,c3,img_37756.jpg
p047,c3,img_62127.jpg
p047,c3,img_84545.jpg
p047,c3,img_30964.jpg
p047,c3,img_91175.jpg
p047,c3,img_39658.jpg
p047,c3,img_20643.jpg
p047,c3,img_61727.jpg
p047,c3,img_80699.jpg
p047,c3,img_74168.jpg
p047,c3,img_95458.jpg
p047,c3,img_33917.jpg
p047,c3,img_86452.jpg
p047,c3,img_88854.jpg
p047,c3,img_99188.jpg
p047,c3,img_28685.jpg
p047,c3,img_67619.jpg
p047,c3,img_83239.jpg
p047,c3,img_78872.jpg
p047,c3,img_64994.jpg
p047,c3,img_40861.jpg
p047,c3,img_73680.jpg
p047,c3,img_48129.jpg
p047,c3,img_100374.jpg
p047,c3,img_11712.jpg
p047,c3,img_18917.jpg
p047,c3,img_10226.jpg
p047,c3,img_100414.jpg
p047,c3,img_26861.jpg
p047,c3,img_68046.jpg
p047,c3,img_94032.jpg
p047,c3,img_46661.jpg
p047,c3,img_44811.jpg
p047,c3,img_28701.jpg
p047,c3,img_47864.jpg
p047,c3,img_44659.jpg
p047,c3,img_72566.jpg
p047,c3,img_19282.jpg
p047,c3,img_16850.jpg
p047,c3,img_100818.jpg
p047,c3,img_53902.jpg
p047,c3,img_67495.jpg
p047,c3,img_24714.jpg
p047,c3,img_54273.jpg
p047,c3,img_57681.jpg
p047,c3,img_39005.jpg
p047,c3,img_56190.jpg
p047,c3,img_83851.jpg
p047,c3,img_18330.jpg
p047,c3,img_37896.jpg
p047,c3,img_51897.jpg
p047,c3,img_61027.jpg
p047,c3,img_67502.jpg
p047,c3,img_52702.jpg
p047,c3,img_15114.jpg
p047,c3,img_46073.jpg
p047,c3,img_88496.jpg
p047,c3,img_24175.jpg
p047,c3,img_68155.jpg
p047,c3,img_31245.jpg
p047,c4,img_9170.jpg
p047,c4,img_41743.jpg
p047,c4,img_80035.jpg
p047,c4,img_31013.jpg
p047,c4,img_10125.jpg
p047,c4,img_6866.jpg
p047,c4,img_29101.jpg
p047,c4,img_5138.jpg
p047,c4,img_70877.jpg
p047,c4,img_28448.jpg
p047,c4,img_79542.jpg
p047,c4,img_76142.jpg
p047,c4,img_9376.jpg
p047,c4,img_6009.jpg
p047,c4,img_69715.jpg
p047,c4,img_5525.jpg
p047,c4,img_37291.jpg
p047,c4,img_39782.jpg
p047,c4,img_30120.jpg
p047,c4,img_102058.jpg
p047,c4,img_40089.jpg
p047,c4,img_89731.jpg
p047,c4,img_100297.jpg
p047,c4,img_90219.jpg
p047,c4,img_18743.jpg
p047,c4,img_4468.jpg
p047,c4,img_22476.jpg
p047,c4,img_28818.jpg
p047,c4,img_35241.jpg
p047,c4,img_26530.jpg
p047,c4,img_30671.jpg
p047,c4,img_46437.jpg
p047,c4,img_95329.jpg
p047,c4,img_65515.jpg
p047,c4,img_18756.jpg
p047,c4,img_12943.jpg
p047,c4,img_38731.jpg
p047,c4,img_4481.jpg
p047,c4,img_64203.jpg
p047,c4,img_3594.jpg
p047,c4,img_39731.jpg
p047,c4,img_83604.jpg
p047,c4,img_25492.jpg
p047,c4,img_5692.jpg
p047,c4,img_40115.jpg
p047,c4,img_25544.jpg
p047,c4,img_59626.jpg
p047,c4,img_15971.jpg
p047,c4,img_69474.jpg
p047,c4,img_43814.jpg
p047,c4,img_78367.jpg
p047,c4,img_61480.jpg
p047,c4,img_27865.jpg
p047,c4,img_23553.jpg
p047,c4,img_87633.jpg
p047,c4,img_27971.jpg
p047,c4,img_94575.jpg
p047,c4,img_81131.jpg
p047,c4,img_101349.jpg
p047,c4,img_56402.jpg
p047,c4,img_7668.jpg
p047,c4,img_97436.jpg
p047,c4,img_101209.jpg
p047,c4,img_100837.jpg
p047,c4,img_97942.jpg
p047,c4,img_60066.jpg
p047,c4,img_86831.jpg
p047,c4,img_93295.jpg
p047,c4,img_74652.jpg
p047,c4,img_85866.jpg
p047,c4,img_77236.jpg
p047,c4,img_674.jpg
p047,c4,img_76015.jpg
p047,c4,img_51775.jpg
p047,c4,img_71922.jpg
p047,c4,img_93664.jpg
p047,c4,img_98744.jpg
p047,c4,img_53815.jpg
p047,c4,img_97128.jpg
p047,c4,img_33068.jpg
p047,c4,img_52385.jpg
p047,c4,img_57388.jpg
p047,c5,img_45830.jpg
p047,c5,img_22586.jpg
p047,c5,img_90011.jpg
p047,c5,img_713.jpg
p047,c5,img_80201.jpg
p047,c5,img_30208.jpg
p047,c5,img_99144.jpg
p047,c5,img_5822.jpg
p047,c5,img_70232.jpg
p047,c5,img_4173.jpg
p047,c5,img_101561.jpg
p047,c5,img_8552.jpg
p047,c5,img_32038.jpg
p047,c5,img_9277.jpg
p047,c5,img_59263.jpg
p047,c5,img_97152.jpg
p047,c5,img_56696.jpg
p047,c5,img_4661.jpg
p047,c5,img_59325.jpg
p047,c5,img_77797.jpg
p047,c5,img_75784.jpg
p047,c5,img_46764.jpg
p047,c5,img_11505.jpg
p047,c5,img_33845.jpg
p047,c5,img_37359.jpg
p047,c5,img_37119.jpg
p047,c5,img_59959.jpg
p047,c5,img_70459.jpg
p047,c5,img_39241.jpg
p047,c5,img_1024.jpg
p047,c5,img_35801.jpg
p047,c5,img_48108.jpg
p047,c5,img_49860.jpg
p047,c5,img_33266.jpg
p047,c5,img_41315.jpg
p047,c5,img_71164.jpg
p047,c5,img_93424.jpg
p047,c5,img_24823.jpg
p047,c5,img_60318.jpg
p047,c5,img_66565.jpg
p047,c5,img_48411.jpg
p047,c5,img_31030.jpg
p047,c5,img_23894.jpg
p047,c5,img_90838.jpg
p047,c5,img_79669.jpg
p047,c5,img_101608.jpg
p047,c5,img_68196.jpg
p047,c5,img_91394.jpg
p047,c5,img_39747.jpg
p047,c5,img_56230.jpg
p047,c5,img_21995.jpg
p047,c5,img_15100.jpg
p047,c5,img_29586.jpg
p047,c5,img_93220.jpg
p047,c5,img_31389.jpg
p047,c5,img_36200.jpg
p047,c5,img_61969.jpg
p047,c5,img_79526.jpg
p047,c5,img_6759.jpg
p047,c5,img_54068.jpg
p047,c5,img_68575.jpg
p047,c5,img_20458.jpg
p047,c5,img_40227.jpg
p047,c5,img_47203.jpg
p047,c5,img_14663.jpg
p047,c5,img_72127.jpg
p047,c5,img_41479.jpg
p047,c5,img_79654.jpg
p047,c5,img_7177.jpg
p047,c5,img_45349.jpg
p047,c5,img_70029.jpg
p047,c5,img_8862.jpg
p047,c5,img_100579.jpg
p047,c5,img_80555.jpg
p047,c5,img_35114.jpg
p047,c5,img_6741.jpg
p047,c5,img_43900.jpg
p047,c5,img_54325.jpg
p047,c5,img_59730.jpg
p047,c5,img_66522.jpg
p047,c5,img_87309.jpg
p047,c5,img_72603.jpg
p047,c5,img_29961.jpg
p047,c5,img_19068.jpg
p047,c5,img_12792.jpg
p047,c5,img_74079.jpg
p047,c5,img_36622.jpg
p049,c0,img_79134.jpg
p049,c0,img_65344.jpg
p049,c0,img_78560.jpg
p049,c0,img_27134.jpg
p049,c0,img_13922.jpg
p049,c0,img_53526.jpg
p049,c0,img_71214.jpg
p049,c0,img_56374.jpg
p049,c0,img_70032.jpg
p049,c0,img_24139.jpg
p049,c0,img_63023.jpg
p049,c0,img_4891.jpg
p049,c0,img_54531.jpg
p049,c0,img_63904.jpg
p049,c0,img_68181.jpg
p049,c0,img_94635.jpg
p049,c0,img_42832.jpg
p049,c0,img_50477.jpg
p049,c0,img_50295.jpg
p049,c0,img_78948.jpg
p049,c0,img_344.jpg
p049,c0,img_24403.jpg
p049,c0,img_31997.jpg
p049,c0,img_24493.jpg
p049,c0,img_3739.jpg
p049,c0,img_90173.jpg
p049,c0,img_99527.jpg
p049,c0,img_56942.jpg
p049,c0,img_58721.jpg
p049,c0,img_2191.jpg
p049,c0,img_46105.jpg
p049,c0,img_5613.jpg
p049,c0,img_91352.jpg
p049,c0,img_49851.jpg
p049,c0,img_292.jpg
p049,c0,img_12868.jpg
p049,c0,img_50702.jpg
p049,c0,img_21782.jpg
p049,c0,img_81095.jpg
p049,c0,img_88932.jpg
p049,c0,img_86606.jpg
p049,c0,img_9368.jpg
p049,c0,img_19691.jpg
p049,c0,img_60835.jpg
p049,c0,img_83911.jpg
p049,c0,img_32257.jpg
p049,c0,img_47131.jpg
p049,c0,img_33484.jpg
p049,c0,img_17066.jpg
p049,c0,img_65371.jpg
p049,c0,img_11474.jpg
p049,c0,img_8843.jpg
p049,c0,img_47700.jpg
p049,c0,img_52282.jpg
p049,c0,img_32825.jpg
p049,c0,img_62631.jpg
p049,c0,img_28666.jpg
p049,c0,img_57216.jpg
p049,c0,img_44686.jpg
p049,c0,img_1083.jpg
p049,c0,img_47956.jpg
p049,c0,img_30340.jpg
p049,c0,img_33727.jpg
p049,c0,img_18225.jpg
p049,c0,img_80488.jpg
p049,c0,img_64755.jpg
p049,c0,img_9345.jpg
p049,c0,img_21733.jpg
p049,c0,img_14870.jpg
p049,c0,img_7807.jpg
p049,c0,img_91381.jpg
p049,c0,img_11259.jpg
p049,c0,img_52557.jpg
p049,c0,img_80457.jpg
p049,c0,img_29340.jpg
p049,c0,img_99510.jpg
p049,c0,img_99012.jpg
p049,c0,img_67219.jpg
p049,c0,img_22750.jpg
p049,c0,img_101613.jpg
p049,c0,img_15855.jpg
p049,c0,img_63345.jpg
p049,c0,img_957.jpg
p049,c0,img_45980.jpg
p049,c2,img_34520.jpg
p049,c2,img_18726.jpg
p049,c2,img_97820.jpg
p049,c2,img_86343.jpg
p049,c2,img_74006.jpg
p049,c2,img_18049.jpg
p049,c2,img_60367.jpg
p049,c2,img_62345.jpg
p049,c2,img_51199.jpg
p049,c2,img_11575.jpg
p049,c2,img_25729.jpg
p049,c2,img_18257.jpg
p049,c2,img_11278.jpg
p049,c2,img_31272.jpg
p049,c2,img_12612.jpg
p049,c2,img_71289.jpg
p049,c2,img_22831.jpg
p049,c2,img_57457.jpg
p049,c2,img_31193.jpg
p049,c2,img_5786.jpg
p049,c2,img_62352.jpg
p049,c2,img_45904.jpg
p049,c2,img_31643.jpg
p049,c2,img_67147.jpg
p049,c2,img_56880.jpg
p049,c2,img_26164.jpg
p049,c2,img_43074.jpg
p049,c2,img_15479.jpg
p049,c2,img_78194.jpg
p049,c2,img_15074.jpg
p049,c2,img_12010.jpg
p049,c2,img_65777.jpg
p049,c2,img_35689.jpg
p049,c2,img_52270.jpg
p049,c2,img_58860.jpg
p049,c2,img_1571.jpg
p049,c2,img_99290.jpg
p049,c2,img_12724.jpg
p049,c2,img_30562.jpg
p049,c2,img_100502.jpg
p049,c2,img_59140.jpg
p049,c2,img_46875.jpg
p049,c2,img_87409.jpg
p049,c2,img_4065.jpg
p049,c2,img_23891.jpg
p049,c2,img_60707.jpg
p049,c2,img_33581.jpg
p049,c2,img_75910.jpg
p049,c2,img_13427.jpg
p049,c2,img_1096.jpg
p049,c2,img_55012.jpg
p049,c2,img_68852.jpg
p049,c2,img_35415.jpg
p049,c2,img_14414.jpg
p049,c2,img_23205.jpg
p049,c2,img_30565.jpg
p049,c2,img_58890.jpg
p049,c2,img_2551.jpg
p049,c2,img_96616.jpg
p049,c2,img_23871.jpg
p049,c2,img_81484.jpg
p049,c2,img_66919.jpg
p049,c2,img_31875.jpg
p049,c2,img_46103.jpg
p049,c2,img_27980.jpg
p049,c2,img_56859.jpg
p049,c2,img_78152.jpg
p049,c2,img_71460.jpg
p049,c2,img_804.jpg
p049,c2,img_7012.jpg
p049,c2,img_12104.jpg
p049,c2,img_47498.jpg
p049,c2,img_89490.jpg
p049,c2,img_101907.jpg
p049,c2,img_66515.jpg
p049,c2,img_9959.jpg
p049,c2,img_35926.jpg
p049,c2,img_55344.jpg
p049,c2,img_50367.jpg
p049,c2,img_72095.jpg
p049,c2,img_57959.jpg
p049,c2,img_86053.jpg
p049,c2,img_6965.jpg
p049,c2,img_5044.jpg
p049,c2,img_81442.jpg
p049,c2,img_53707.jpg
p049,c2,img_47878.jpg
p049,c2,img_93225.jpg
p049,c2,img_61558.jpg
p049,c2,img_38209.jpg
p049,c2,img_79769.jpg
p049,c2,img_54409.jpg
p049,c2,img_89750.jpg
p049,c2,img_48825.jpg
p049,c2,img_74929.jpg
p049,c2,img_18617.jpg
p049,c2,img_36855.jpg
p049,c2,img_89420.jpg
p049,c2,img_3167.jpg
p049,c2,img_67411.jpg
p049,c2,img_75691.jpg
p049,c2,img_31763.jpg
p049,c2,img_37405.jpg
p049,c2,img_70335.jpg
p049,c2,img_9953.jpg
p049,c2,img_97473.jpg
p049,c2,img_60077.jpg
p049,c2,img_19463.jpg
p049,c2,img_25263.jpg
p049,c2,img_75088.jpg
p049,c2,img_25451.jpg
p049,c2,img_29688.jpg
p049,c2,img_91074.jpg
p049,c2,img_553.jpg
p049,c2,img_30186.jpg
p049,c2,img_51613.jpg
p049,c2,img_75422.jpg
p049,c2,img_2215.jpg
p049,c2,img_22624.jpg
p049,c3,img_6265.jpg
p049,c3,img_18841.jpg
p049,c3,img_1027.jpg
p049,c3,img_68600.jpg
p049,c3,img_5051.jpg
p049,c3,img_42641.jpg
p049,c3,img_65530.jpg
p049,c3,img_46323.jpg
p049,c3,img_11623.jpg
p049,c3,img_87290.jpg
p049,c3,img_98881.jpg
p049,c3,img_52280.jpg
p049,c3,img_44546.jpg
p049,c3,img_70984.jpg
p049,c3,img_17979.jpg
p049,c3,img_57502.jpg
p049,c3,img_204.jpg
p049,c3,img_59315.jpg
p049,c3,img_67567.jpg
p049,c3,img_13167.jpg
p049,c3,img_87732.jpg
p049,c3,img_28140.jpg
p049,c3,img_15031.jpg
p049,c3,img_36646.jpg
p049,c3,img_65215.jpg
p049,c3,img_100701.jpg
p049,c3,img_10881.jpg
p049,c3,img_92910.jpg
p049,c3,img_5780.jpg
p049,c3,img_86665.jpg
p049,c3,img_64279.jpg
p049,c3,img_49186.jpg
p049,c3,img_11275.jpg
p049,c3,img_42669.jpg
p049,c3,img_86200.jpg
p049,c3,img_90046.jpg
p049,c3,img_22416.jpg
p049,c3,img_64009.jpg
p049,c3,img_60719.jpg
p049,c3,img_3695.jpg
p049,c3,img_17026.jpg
p049,c3,img_11123.jpg
p049,c3,img_79325.jpg
p049,c3,img_19910.jpg
p049,c3,img_6398.jpg
p049,c3,img_20485.jpg
p049,c3,img_92009.jpg
p049,c3,img_34348.jpg
p049,c3,img_76852.jpg
p049,c3,img_60973.jpg
p049,c3,img_5034.jpg
p049,c3,img_86245.jpg
p049,c3,img_21935.jpg
p049,c3,img_61144.jpg
p049,c3,img_94116.jpg
p049,c3,img_89018.jpg
p049,c3,img_8720.jpg
p049,c3,img_89429.jpg
p049,c3,img_43425.jpg
p049,c3,img_73995.jpg
p049,c3,img_3797.jpg
p049,c3,img_71295.jpg
p049,c3,img_8685.jpg
p049,c3,img_35946.jpg
p049,c3,img_34284.jpg
p049,c3,img_23898.jpg
p049,c3,img_74512.jpg
p049,c3,img_53399.jpg
p049,c3,img_34290.jpg
p049,c3,img_70929.jpg
p049,c3,img_7605.jpg
p049,c3,img_87160.jpg
p049,c3,img_19215.jpg
p049,c3,img_1783.jpg
p049,c3,img_14013.jpg
p049,c3,img_843.jpg
p049,c3,img_70869.jpg
p049,c3,img_70089.jpg
p049,c3,img_44408.jpg
p049,c3,img_73001.jpg
p049,c3,img_44697.jpg
p049,c3,img_46420.jpg
p049,c3,img_16256.jpg
p049,c3,img_61064.jpg
p049,c3,img_23528.jpg
p049,c3,img_73824.jpg
p049,c3,img_27995.jpg
p049,c3,img_11441.jpg
p049,c3,img_25159.jpg
p049,c3,img_81225.jpg
p049,c3,img_12960.jpg
p049,c3,img_36299.jpg
p049,c3,img_43207.jpg
p049,c3,img_46984.jpg
p049,c3,img_36350.jpg
p049,c3,img_10678.jpg
p049,c3,img_29067.jpg
p049,c3,img_100339.jpg
p049,c3,img_36307.jpg
p049,c3,img_78380.jpg
p049,c3,img_81365.jpg
p049,c3,img_26058.jpg
p049,c3,img_100328.jpg
p049,c3,img_25900.jpg
p049,c3,img_38098.jpg
p049,c3,img_40917.jpg
p049,c3,img_56746.jpg
p049,c3,img_89426.jpg
p049,c3,img_91906.jpg
p049,c3,img_54497.jpg
p049,c4,img_58472.jpg
p049,c4,img_32379.jpg
p049,c4,img_54476.jpg
p049,c4,img_44130.jpg
p049,c4,img_97085.jpg
p049,c4,img_84751.jpg
p049,c4,img_77083.jpg
p049,c4,img_62837.jpg
p049,c4,img_61131.jpg
p049,c4,img_4643.jpg
p049,c4,img_56453.jpg
p049,c4,img_62056.jpg
p049,c4,img_47930.jpg
p049,c4,img_93122.jpg
p049,c4,img_74161.jpg
p049,c4,img_51747.jpg
p049,c4,img_99264.jpg
p049,c4,img_61592.jpg
p049,c4,img_69913.jpg
p049,c4,img_38128.jpg
p049,c4,img_55133.jpg
p049,c4,img_6377.jpg
p049,c4,img_96739.jpg
p049,c4,img_92695.jpg
p049,c4,img_75752.jpg
p049,c4,img_502.jpg
p049,c4,img_14163.jpg
p049,c4,img_10854.jpg
p049,c4,img_53653.jpg
p049,c4,img_4439.jpg
p049,c4,img_82296.jpg
p049,c4,img_96886.jpg
p049,c4,img_80197.jpg
p049,c4,img_1327.jpg
p049,c4,img_51955.jpg
p049,c4,img_46882.jpg
p049,c4,img_68068.jpg
p049,c4,img_62520.jpg
p049,c4,img_13459.jpg
p049,c4,img_97689.jpg
p049,c4,img_69630.jpg
p049,c4,img_22904.jpg
p049,c4,img_78402.jpg
p049,c4,img_15498.jpg
p049,c4,img_3063.jpg
p049,c4,img_78612.jpg
p049,c4,img_47653.jpg
p049,c4,img_5169.jpg
p049,c4,img_8117.jpg
p049,c4,img_89232.jpg
p049,c4,img_95526.jpg
p049,c4,img_42713.jpg
p049,c4,img_55845.jpg
p049,c4,img_46579.jpg
p049,c4,img_3298.jpg
p049,c4,img_99575.jpg
p049,c4,img_64068.jpg
p049,c4,img_74898.jpg
p049,c4,img_75998.jpg
p049,c4,img_53559.jpg
p049,c4,img_53260.jpg
p049,c4,img_13378.jpg
p049,c4,img_96070.jpg
p049,c4,img_94852.jpg
p049,c4,img_13230.jpg
p049,c4,img_81679.jpg
p049,c4,img_78310.jpg
p049,c4,img_30823.jpg
p049,c4,img_99325.jpg
p049,c4,img_77276.jpg
p049,c4,img_57754.jpg
p049,c4,img_34725.jpg
p049,c4,img_25790.jpg
p049,c4,img_94351.jpg
p049,c4,img_16130.jpg
p049,c4,img_21362.jpg
p049,c4,img_47902.jpg
p049,c4,img_6056.jpg
p049,c4,img_70862.jpg
p049,c4,img_63132.jpg
p049,c4,img_16261.jpg
p049,c4,img_27729.jpg
p049,c4,img_87782.jpg
p049,c4,img_45364.jpg
p049,c4,img_47937.jpg
p049,c4,img_84794.jpg
p049,c4,img_11494.jpg
p049,c4,img_86791.jpg
p049,c4,img_67203.jpg
p049,c4,img_7962.jpg
p049,c4,img_80885.jpg
p049,c4,img_21756.jpg
p049,c4,img_25113.jpg
p049,c4,img_53616.jpg
p049,c4,img_99121.jpg
p049,c4,img_88290.jpg
p049,c4,img_68258.jpg
p049,c4,img_48016.jpg
p049,c4,img_18880.jpg
p049,c4,img_64679.jpg
p049,c4,img_44094.jpg
p049,c4,img_92871.jpg
p049,c4,img_62351.jpg
p049,c4,img_25138.jpg
p049,c4,img_58482.jpg
p049,c4,img_60846.jpg
p049,c4,img_60913.jpg
p049,c4,img_72428.jpg
p049,c4,img_8812.jpg
p049,c5,img_49388.jpg
p049,c5,img_88385.jpg
p049,c5,img_19184.jpg
p049,c5,img_2373.jpg
p049,c5,img_49840.jpg
p049,c5,img_95280.jpg
p049,c5,img_43163.jpg
p049,c5,img_69055.jpg
p049,c5,img_82339.jpg
p049,c5,img_87405.jpg
p049,c5,img_39105.jpg
p049,c5,img_1401.jpg
p049,c5,img_76414.jpg
p049,c5,img_32879.jpg
p049,c5,img_42997.jpg
p049,c5,img_48536.jpg
p049,c5,img_21749.jpg
p049,c5,img_57830.jpg
p049,c5,img_102073.jpg
p049,c5,img_27880.jpg
p049,c5,img_71694.jpg
p049,c5,img_10198.jpg
p049,c5,img_8094.jpg
p049,c5,img_13908.jpg
p049,c5,img_71369.jpg
p049,c5,img_70719.jpg
p049,c5,img_69601.jpg
p049,c5,img_88212.jpg
p049,c5,img_27330.jpg
p049,c5,img_12931.jpg
p049,c5,img_6475.jpg
p049,c5,img_96765.jpg
p049,c5,img_14561.jpg
p049,c5,img_38544.jpg
p049,c5,img_1245.jpg
p049,c5,img_80668.jpg
p049,c5,img_67798.jpg
p049,c5,img_30527.jpg
p049,c5,img_55867.jpg
p049,c5,img_14558.jpg
p049,c5,img_70297.jpg
p049,c5,img_31753.jpg
p049,c5,img_74931.jpg
p049,c5,img_27794.jpg
p049,c5,img_61539.jpg
p049,c5,img_42117.jpg
p049,c5,img_18182.jpg
p049,c5,img_57852.jpg
p049,c5,img_2497.jpg
p049,c5,img_31142.jpg
p049,c5,img_12273.jpg
p049,c5,img_80497.jpg
p049,c5,img_65330.jpg
p049,c5,img_87070.jpg
p049,c5,img_47312.jpg
p049,c5,img_72370.jpg
p049,c5,img_77116.jpg
p049,c5,img_60466.jpg
p049,c5,img_75624.jpg
p049,c5,img_55281.jpg
p049,c5,img_25849.jpg
p049,c5,img_15446.jpg
p049,c5,img_86285.jpg
p049,c5,img_26865.jpg
p049,c5,img_61895.jpg
p049,c5,img_37688.jpg
p049,c5,img_67668.jpg
p049,c5,img_86727.jpg
p049,c5,img_101607.jpg
p049,c5,img_76660.jpg
p049,c5,img_7296.jpg
p049,c5,img_89491.jpg
p049,c5,img_18102.jpg
p049,c5,img_43218.jpg
p049,c5,img_74372.jpg
p049,c5,img_12823.jpg
p049,c5,img_49419.jpg
p049,c5,img_89062.jpg
p049,c5,img_74178.jpg
p049,c5,img_65812.jpg
p049,c5,img_23021.jpg
p049,c5,img_72275.jpg
p049,c5,img_44965.jpg
p049,c5,img_6964.jpg
p049,c5,img_43748.jpg
p049,c5,img_22776.jpg
p049,c5,img_69177.jpg
p049,c5,img_11953.jpg
p049,c5,img_73660.jpg
p049,c5,img_64357.jpg
p049,c5,img_92709.jpg
p049,c5,img_32480.jpg
p049,c5,img_38824.jpg
p049,c5,img_42565.jpg
p049,c5,img_91131.jpg
p049,c5,img_49682.jpg
p049,c5,img_75640.jpg
p049,c5,img_578.jpg
p049,c5,img_5875.jpg
p049,c5,img_51970.jpg
p049,c5,img_32333.jpg
p049,c5,img_94164.jpg
p049,c5,img_7736.jpg
p049,c5,img_3225.jpg
p049,c5,img_63748.jpg
p049,c5,img_68898.jpg
p049,c5,img_48105.jpg
p049,c5,img_33496.jpg
p049,c5,img_8142.jpg
p049,c5,img_48087.jpg
p049,c5,img_87611.jpg
p049,c5,img_77845.jpg
p049,c5,img_63180.jpg
p049,c5,img_64180.jpg
p049,c5,img_50555.jpg
p049,c5,img_23287.jpg
p050,c0,img_68359.jpg
p050,c0,img_35502.jpg
p050,c0,img_12888.jpg
p050,c0,img_55434.jpg
p050,c0,img_97329.jpg
p050,c0,img_8319.jpg
p050,c0,img_77799.jpg
p050,c0,img_97789.jpg
p050,c0,img_69591.jpg
p050,c0,img_6898.jpg
p050,c0,img_93636.jpg
p050,c0,img_55301.jpg
p050,c0,img_80666.jpg
p050,c0,img_82025.jpg
p050,c0,img_76549.jpg
p050,c0,img_34878.jpg
p050,c0,img_90450.jpg
p050,c0,img_91149.jpg
p050,c0,img_18777.jpg
p050,c0,img_45107.jpg
p050,c0,img_92637.jpg
p050,c0,img_91975.jpg
p050,c0,img_53863.jpg
p050,c0,img_96276.jpg
p050,c0,img_1617.jpg
p050,c0,img_96270.jpg
p050,c0,img_78223.jpg
p050,c0,img_74742.jpg
p050,c0,img_37094.jpg
p050,c0,img_72977.jpg
p050,c0,img_45509.jpg
p050,c0,img_25975.jpg
p050,c0,img_71755.jpg
p050,c0,img_78645.jpg
p050,c0,img_27110.jpg
p050,c0,img_21313.jpg
p050,c0,img_71740.jpg
p050,c0,img_24716.jpg
p050,c0,img_56182.jpg
p050,c0,img_7501.jpg
p050,c0,img_92468.jpg
p050,c0,img_88217.jpg
p050,c0,img_79521.jpg
p050,c0,img_33532.jpg
p050,c0,img_18219.jpg
p050,c0,img_32313.jpg
p050,c0,img_36287.jpg
p050,c0,img_6471.jpg
p050,c0,img_43623.jpg
p050,c0,img_86466.jpg
p050,c0,img_56120.jpg
p050,c0,img_91958.jpg
p050,c0,img_38005.jpg
p050,c0,img_100191.jpg
p050,c0,img_72128.jpg
p050,c0,img_96517.jpg
p050,c0,img_45226.jpg
p050,c0,img_73654.jpg
p050,c0,img_66709.jpg
p050,c0,img_11687.jpg
p050,c0,img_74414.jpg
p050,c0,img_66991.jpg
p050,c0,img_5218.jpg
p050,c0,img_58156.jpg
p050,c0,img_5401.jpg
p050,c0,img_27327.jpg
p050,c0,img_15753.jpg
p050,c0,img_51408.jpg
p050,c0,img_85701.jpg
p050,c0,img_13820.jpg
p050,c0,img_100922.jpg
p050,c0,img_20727.jpg
p050,c0,img_375.jpg
p050,c0,img_10321.jpg
p050,c0,img_74965.jpg
p050,c0,img_101702.jpg
p050,c0,img_21059.jpg
p050,c0,img_25599.jpg
p050,c0,img_18847.jpg
p050,c0,img_44390.jpg
p050,c0,img_30957.jpg
p050,c0,img_84894.jpg
p050,c0,img_77606.jpg
p050,c0,img_89511.jpg
p050,c0,img_50586.jpg
p050,c0,img_45618.jpg
p050,c0,img_14756.jpg
p050,c0,img_64182.jpg
p050,c0,img_57420.jpg
p050,c0,img_20632.jpg
p050,c0,img_67972.jpg
p050,c0,img_88072.jpg
p050,c0,img_29163.jpg
p050,c0,img_35182.jpg
p050,c0,img_21098.jpg
p050,c0,img_67829.jpg
p050,c0,img_98853.jpg
p050,c0,img_54739.jpg
p050,c0,img_981.jpg
p050,c0,img_27187.jpg
p050,c0,img_90283.jpg
p050,c0,img_22984.jpg
p050,c0,img_52372.jpg
p050,c0,img_26802.jpg
p050,c0,img_34032.jpg
p050,c0,img_43846.jpg
p050,c0,img_50804.jpg
p050,c0,img_40071.jpg
p050,c0,img_52402.jpg
p050,c0,img_95849.jpg
p050,c0,img_20847.jpg
p050,c0,img_2653.jpg
p050,c0,img_29172.jpg
p050,c0,img_5015.jpg
p050,c0,img_50920.jpg
p050,c0,img_71412.jpg
p050,c0,img_12712.jpg
p050,c0,img_50052.jpg
p050,c0,img_9605.jpg
p050,c0,img_19849.jpg
p050,c0,img_5198.jpg
p050,c0,img_69596.jpg
p050,c0,img_90343.jpg
p050,c2,img_41516.jpg
p050,c2,img_34979.jpg
p050,c2,img_60073.jpg
p050,c2,img_42555.jpg
p050,c2,img_7486.jpg
p050,c2,img_80513.jpg
p050,c2,img_43107.jpg
p050,c2,img_30017.jpg
p050,c2,img_39676.jpg
p050,c2,img_78419.jpg
p050,c2,img_25465.jpg
p050,c2,img_7885.jpg
p050,c2,img_47819.jpg
p050,c2,img_3287.jpg
p050,c2,img_5158.jpg
p050,c2,img_23349.jpg
p050,c2,img_7912.jpg
p050,c2,img_34067.jpg
p050,c2,img_14983.jpg
p050,c2,img_30728.jpg
p050,c2,img_90974.jpg
p050,c2,img_14742.jpg
p050,c2,img_33190.jpg
p050,c2,img_28590.jpg
p050,c2,img_81942.jpg
p050,c2,img_42434.jpg
p050,c2,img_68798.jpg
p050,c2,img_97440.jpg
p050,c2,img_84408.jpg
p050,c2,img_49631.jpg
p050,c2,img_77260.jpg
p050,c2,img_34148.jpg
p050,c2,img_43629.jpg
p050,c2,img_94128.jpg
p050,c2,img_75928.jpg
p050,c2,img_3644.jpg
p050,c2,img_21185.jpg
p050,c2,img_81139.jpg
p050,c2,img_61033.jpg
p050,c2,img_13107.jpg
p050,c2,img_47713.jpg
p050,c2,img_50688.jpg
p050,c2,img_49105.jpg
p050,c2,img_36399.jpg
p050,c2,img_67136.jpg
p050,c2,img_11520.jpg
p050,c2,img_102007.jpg
p050,c2,img_95112.jpg
p050,c2,img_67698.jpg
p050,c2,img_47023.jpg
p050,c2,img_82282.jpg
p050,c2,img_72592.jpg
p050,c3,img_61090.jpg
p050,c3,img_3831.jpg
p050,c3,img_34904.jpg
p050,c3,img_30711.jpg
p050,c3,img_62286.jpg
p050,c3,img_56459.jpg
p050,c3,img_24851.jpg
p050,c3,img_37427.jpg
p050,c3,img_71837.jpg
p050,c3,img_80237.jpg
p050,c3,img_53891.jpg
p050,c3,img_66500.jpg
p050,c3,img_59891.jpg
p050,c3,img_46850.jpg
p050,c3,img_66643.jpg
p050,c3,img_1295.jpg
p050,c3,img_58349.jpg
p050,c3,img_94976.jpg
p050,c3,img_83183.jpg
p050,c3,img_91933.jpg
p050,c3,img_4116.jpg
p050,c3,img_72831.jpg
p050,c3,img_39698.jpg
p050,c3,img_17995.jpg
p050,c3,img_38969.jpg
p050,c3,img_70891.jpg
p050,c3,img_84975.jpg
p050,c3,img_5137.jpg
p050,c3,img_6796.jpg
p050,c3,img_53397.jpg
p050,c3,img_26122.jpg
p050,c3,img_33994.jpg
p050,c3,img_30599.jpg
p050,c3,img_63043.jpg
p050,c3,img_58167.jpg
p050,c3,img_43857.jpg
p050,c3,img_68738.jpg
p050,c3,img_97062.jpg
p050,c3,img_68026.jpg
p050,c3,img_22611.jpg
p050,c3,img_9480.jpg
p050,c3,img_95067.jpg
p050,c3,img_19758.jpg
p050,c3,img_97634.jpg
p050,c3,img_56218.jpg
p050,c3,img_100927.jpg
p050,c3,img_75383.jpg
p050,c3,img_33875.jpg
p050,c3,img_9853.jpg
p050,c3,img_38299.jpg
p050,c3,img_62624.jpg
p050,c3,img_73261.jpg
p050,c3,img_60311.jpg
p050,c3,img_36788.jpg
p050,c3,img_60637.jpg
p050,c3,img_9017.jpg
p050,c3,img_5236.jpg
p050,c3,img_67315.jpg
p050,c3,img_80374.jpg
p050,c3,img_59025.jpg
p050,c3,img_96913.jpg
p050,c3,img_88441.jpg
p050,c3,img_18033.jpg
p050,c3,img_44588.jpg
p050,c3,img_85093.jpg
p050,c3,img_71693.jpg
p050,c3,img_19440.jpg
p050,c3,img_16359.jpg
p050,c3,img_25150.jpg
p050,c3,img_73102.jpg
p050,c3,img_71680.jpg
p050,c3,img_30173.jpg
p050,c3,img_13270.jpg
p050,c3,img_20744.jpg
p050,c3,img_25398.jpg
p050,c3,img_84483.jpg
p050,c3,img_24249.jpg
p050,c3,img_68596.jpg
p050,c3,img_36038.jpg
p050,c3,img_61068.jpg
p050,c3,img_70371.jpg
p050,c3,img_10134.jpg
p050,c3,img_27064.jpg
p050,c3,img_62204.jpg
p050,c3,img_14304.jpg
p050,c3,img_72107.jpg
p050,c3,img_101542.jpg
p050,c3,img_7253.jpg
p050,c3,img_78179.jpg
p050,c3,img_28786.jpg
p050,c3,img_66513.jpg
p050,c3,img_70325.jpg
p050,c3,img_76098.jpg
p050,c3,img_12832.jpg
p050,c3,img_8911.jpg
p050,c3,img_78062.jpg
p050,c3,img_72587.jpg
p050,c3,img_41863.jpg
p050,c4,img_5187.jpg
p050,c4,img_28890.jpg
p050,c4,img_66571.jpg
p050,c4,img_90417.jpg
p050,c4,img_6014.jpg
p050,c4,img_36604.jpg
p050,c4,img_30735.jpg
p050,c4,img_32417.jpg
p050,c4,img_3187.jpg
p050,c4,img_3446.jpg
p050,c4,img_35856.jpg
p050,c4,img_15378.jpg
p050,c4,img_18353.jpg
p050,c4,img_13940.jpg
p050,c4,img_173.jpg
p050,c4,img_54261.jpg
p050,c4,img_49107.jpg
p050,c4,img_68918.jpg
p050,c4,img_6108.jpg
p050,c4,img_80185.jpg
p050,c4,img_72013.jpg
p050,c4,img_84352.jpg
p050,c4,img_66042.jpg
p050,c4,img_11800.jpg
p050,c4,img_41645.jpg
p050,c4,img_26853.jpg
p050,c4,img_23621.jpg
p050,c4,img_4637.jpg
p050,c4,img_26434.jpg
p050,c4,img_60336.jpg
p050,c4,img_99580.jpg
p050,c4,img_7615.jpg
p050,c4,img_9310.jpg
p050,c4,img_99317.jpg
p050,c4,img_18136.jpg
p050,c4,img_77039.jpg
p050,c4,img_93970.jpg
p050,c4,img_16292.jpg
p050,c4,img_66156.jpg
p050,c4,img_99.jpg
p050,c4,img_63030.jpg
p050,c4,img_46544.jpg
p050,c4,img_95455.jpg
p050,c4,img_14208.jpg
p050,c4,img_49129.jpg
p050,c4,img_12503.jpg
p050,c4,img_80065.jpg
p050,c4,img_62998.jpg
p050,c4,img_23864.jpg
p050,c4,img_76033.jpg
p050,c4,img_71441.jpg
p050,c4,img_34934.jpg
p050,c4,img_7085.jpg
p050,c4,img_62104.jpg
p050,c4,img_29748.jpg
p050,c4,img_23727.jpg
p050,c4,img_101366.jpg
p050,c4,img_79064.jpg
p050,c4,img_94869.jpg
p050,c4,img_28927.jpg
p050,c4,img_37004.jpg
p050,c4,img_16007.jpg
p050,c4,img_64071.jpg
p050,c4,img_35716.jpg
p050,c4,img_43849.jpg
p050,c4,img_85756.jpg
p050,c4,img_40533.jpg
p050,c4,img_100530.jpg
p050,c4,img_51229.jpg
p050,c4,img_28612.jpg
p050,c4,img_39230.jpg
p050,c4,img_59662.jpg
p050,c4,img_61831.jpg
p050,c4,img_42695.jpg
p050,c4,img_92005.jpg
p050,c4,img_57480.jpg
p050,c4,img_36001.jpg
p050,c4,img_61083.jpg
p050,c4,img_36785.jpg
p050,c4,img_62338.jpg
p050,c4,img_93449.jpg
p050,c4,img_66056.jpg
p050,c4,img_76257.jpg
p050,c5,img_83539.jpg
p050,c5,img_7390.jpg
p050,c5,img_83386.jpg
p050,c5,img_30471.jpg
p050,c5,img_63889.jpg
p050,c5,img_88670.jpg
p050,c5,img_56446.jpg
p050,c5,img_101394.jpg
p050,c5,img_79539.jpg
p050,c5,img_27772.jpg
p050,c5,img_66337.jpg
p050,c5,img_85384.jpg
p050,c5,img_51454.jpg
p050,c5,img_7640.jpg
p050,c5,img_10117.jpg
p050,c5,img_88992.jpg
p050,c5,img_48455.jpg
p050,c5,img_67445.jpg
p050,c5,img_26532.jpg
p050,c5,img_8619.jpg
p050,c5,img_64430.jpg
p050,c5,img_50226.jpg
p050,c5,img_84388.jpg
p050,c5,img_46321.jpg
p050,c5,img_74877.jpg
p050,c5,img_76908.jpg
p050,c5,img_47275.jpg
p050,c5,img_11087.jpg
p050,c5,img_87252.jpg
p050,c5,img_44462.jpg
p050,c5,img_50697.jpg
p050,c5,img_2746.jpg
p050,c5,img_42253.jpg
p050,c5,img_32963.jpg
p050,c5,img_64216.jpg
p050,c5,img_88051.jpg
p050,c5,img_2747.jpg
p050,c5,img_68208.jpg
p050,c5,img_2123.jpg
p050,c5,img_101079.jpg
p050,c5,img_23348.jpg
p050,c5,img_5690.jpg
p050,c5,img_6397.jpg
p050,c5,img_72530.jpg
p050,c5,img_57339.jpg
p050,c5,img_90044.jpg
p050,c5,img_100676.jpg
p050,c5,img_21645.jpg
p050,c5,img_91635.jpg
p050,c5,img_94876.jpg
p050,c5,img_101734.jpg
p050,c5,img_93827.jpg
p050,c5,img_18014.jpg
p050,c5,img_91348.jpg
p050,c5,img_26521.jpg
p050,c5,img_15718.jpg
p050,c5,img_80205.jpg
p050,c5,img_74024.jpg
p050,c5,img_8509.jpg
p050,c5,img_73457.jpg
p050,c5,img_91130.jpg
p050,c5,img_94649.jpg
p050,c5,img_44738.jpg
p050,c5,img_55503.jpg
p050,c5,img_12963.jpg
p050,c5,img_52243.jpg
p050,c5,img_52065.jpg
p050,c5,img_33868.jpg
p050,c5,img_5095.jpg
p050,c5,img_70786.jpg
p050,c5,img_26582.jpg
p050,c5,img_37376.jpg
p050,c5,img_12550.jpg
p050,c5,img_98517.jpg
p050,c5,img_62610.jpg
p050,c5,img_632.jpg
p050,c5,img_58385.jpg
p050,c5,img_33419.jpg
p050,c5,img_49898.jpg
p050,c5,img_23176.jpg
p050,c5,img_19071.jpg
p050,c5,img_12687.jpg
p050,c5,img_52827.jpg
p050,c5,img_98940.jpg
p050,c5,img_4438.jpg
p050,c5,img_15967.jpg
p050,c5,img_10343.jpg
p050,c5,img_56341.jpg
p050,c5,img_20546.jpg
p050,c5,img_76616.jpg
p050,c5,img_8131.jpg
p051,c0,img_94824.jpg
p051,c0,img_69859.jpg
p051,c0,img_208.jpg
p051,c0,img_24317.jpg
p051,c0,img_54673.jpg
p051,c0,img_14341.jpg
p051,c0,img_56570.jpg
p051,c0,img_17811.jpg
p051,c0,img_66661.jpg
p051,c0,img_1336.jpg
p051,c0,img_37728.jpg
p051,c0,img_57126.jpg
p051,c0,img_85898.jpg
p051,c0,img_10617.jpg
p051,c0,img_41214.jpg
p051,c0,img_100074.jpg
p051,c0,img_95252.jpg
p051,c0,img_411.jpg
p051,c0,img_50681.jpg
p051,c0,img_63802.jpg
p051,c0,img_24212.jpg
p051,c0,img_7804.jpg
p051,c0,img_28541.jpg
p051,c0,img_100824.jpg
p051,c0,img_65559.jpg
p051,c0,img_81621.jpg
p051,c0,img_34095.jpg
p051,c0,img_46229.jpg
p051,c0,img_20535.jpg
p051,c0,img_32930.jpg
p051,c0,img_73228.jpg
p051,c0,img_11683.jpg
p051,c0,img_89653.jpg
p051,c0,img_35327.jpg
p051,c0,img_38065.jpg
p051,c0,img_39071.jpg
p051,c0,img_72449.jpg
p051,c0,img_28145.jpg
p051,c0,img_68134.jpg
p051,c0,img_45005.jpg
p051,c0,img_27568.jpg
p051,c0,img_31121.jpg
p051,c0,img_2843.jpg
p051,c0,img_68630.jpg
p051,c0,img_99846.jpg
p051,c0,img_35036.jpg
p051,c0,img_43434.jpg
p051,c0,img_89684.jpg
p051,c0,img_99102.jpg
p051,c0,img_48547.jpg
p051,c0,img_12368.jpg
p051,c0,img_17677.jpg
p051,c0,img_52244.jpg
p051,c0,img_6797.jpg
p051,c0,img_72193.jpg
p051,c0,img_80596.jpg
p051,c0,img_44061.jpg
p051,c0,img_30740.jpg
p051,c0,img_45427.jpg
p051,c0,img_78855.jpg
p051,c0,img_90327.jpg
p051,c0,img_48878.jpg
p051,c0,img_63929.jpg
p051,c0,img_77490.jpg
p051,c0,img_94879.jpg
p051,c0,img_87846.jpg
p051,c0,img_30523.jpg
p051,c0,img_92661.jpg
p051,c0,img_56310.jpg
p051,c0,img_42829.jpg
p051,c0,img_98899.jpg
p051,c0,img_89655.jpg
p051,c0,img_13482.jpg
p051,c0,img_61807.jpg
p051,c0,img_101555.jpg
p051,c0,img_101419.jpg
p051,c0,img_34135.jpg
p051,c0,img_41907.jpg
p051,c0,img_10884.jpg
p051,c0,img_15696.jpg
p051,c0,img_82675.jpg
p051,c0,img_3478.jpg
p051,c0,img_54753.jpg
p051,c0,img_68607.jpg
p051,c0,img_94406.jpg
p051,c0,img_18202.jpg
p051,c0,img_32479.jpg
p051,c0,img_94325.jpg
p051,c0,img_87674.jpg
p051,c0,img_15198.jpg
p051,c0,img_32651.jpg
p051,c0,img_91575.jpg
p051,c0,img_7426.jpg
p051,c0,img_25185.jpg
p051,c0,img_3243.jpg
p051,c0,img_39280.jpg
p051,c0,img_28110.jpg
p051,c0,img_3279.jpg
p051,c0,img_96429.jpg
p051,c0,img_80492.jpg
p051,c0,img_32023.jpg
p051,c0,img_84358.jpg
p051,c0,img_41611.jpg
p051,c0,img_59558.jpg
p051,c0,img_34380.jpg
p051,c0,img_76165.jpg
p051,c0,img_61112.jpg
p051,c0,img_71120.jpg
p051,c0,img_67292.jpg
p051,c0,img_57175.jpg
p051,c0,img_71649.jpg
p051,c0,img_40527.jpg
p051,c0,img_85821.jpg
p051,c0,img_93268.jpg
p051,c0,img_18393.jpg
p051,c0,img_61493.jpg
p051,c0,img_79921.jpg
p051,c0,img_52978.jpg
p051,c0,img_43532.jpg
p051,c0,img_9150.jpg
p051,c0,img_11863.jpg
p051,c0,img_79138.jpg
p051,c0,img_71093.jpg
p051,c0,img_2785.jpg
p051,c0,img_38621.jpg
p051,c0,img_6195.jpg
p051,c0,img_6160.jpg
p051,c0,img_74184.jpg
p051,c0,img_17656.jpg
p051,c0,img_53245.jpg
p051,c0,img_23337.jpg
p051,c0,img_56672.jpg
p051,c0,img_48221.jpg
p051,c0,img_414.jpg
p051,c0,img_52830.jpg
p051,c0,img_42582.jpg
p051,c0,img_68487.jpg
p051,c0,img_27276.jpg
p051,c0,img_72747.jpg
p051,c0,img_1355.jpg
p051,c0,img_49418.jpg
p051,c0,img_78624.jpg
p051,c0,img_61905.jpg
p051,c0,img_231.jpg
p051,c0,img_42295.jpg
p051,c0,img_26797.jpg
p051,c0,img_14999.jpg
p051,c0,img_75762.jpg
p051,c0,img_71018.jpg
p051,c0,img_26489.jpg
p051,c0,img_50120.jpg
p051,c0,img_100542.jpg
p051,c0,img_91479.jpg
p051,c0,img_99652.jpg
p051,c0,img_46689.jpg
p051,c0,img_76497.jpg
p051,c0,img_75899.jpg
p051,c0,img_75400.jpg
p051,c0,img_31619.jpg
p051,c0,img_14111.jpg
p051,c0,img_84905.jpg
p051,c0,img_83924.jpg
p051,c0,img_10662.jpg
p051,c0,img_9007.jpg
p051,c0,img_85888.jpg
p051,c0,img_63389.jpg
p051,c0,img_36018.jpg
p051,c0,img_24357.jpg
p051,c0,img_33765.jpg
p051,c0,img_79194.jpg
p051,c0,img_101091.jpg
p051,c0,img_93613.jpg
p051,c0,img_13063.jpg
p051,c0,img_40718.jpg
p051,c0,img_78523.jpg
p051,c0,img_94529.jpg
p051,c0,img_33028.jpg
p051,c0,img_40765.jpg
p051,c0,img_74456.jpg
p051,c0,img_68959.jpg
p051,c0,img_69740.jpg
p051,c0,img_33376.jpg
p051,c2,img_23629.jpg
p051,c2,img_33222.jpg
p051,c2,img_18897.jpg
p051,c2,img_24550.jpg
p051,c2,img_66857.jpg
p051,c2,img_9910.jpg
p051,c2,img_78800.jpg
p051,c2,img_95034.jpg
p051,c2,img_99689.jpg
p051,c2,img_54563.jpg
p051,c2,img_42748.jpg
p051,c2,img_76136.jpg
p051,c2,img_82650.jpg
p051,c2,img_41662.jpg
p051,c2,img_62782.jpg
p051,c2,img_79960.jpg
p051,c2,img_9493.jpg
p051,c2,img_43410.jpg
p051,c2,img_89741.jpg
p051,c2,img_31814.jpg
p051,c2,img_56965.jpg
p051,c2,img_20437.jpg
p051,c2,img_39882.jpg
p051,c2,img_79574.jpg
p051,c2,img_21251.jpg
p051,c2,img_34522.jpg
p051,c2,img_3692.jpg
p051,c2,img_66672.jpg
p051,c2,img_31171.jpg
p051,c2,img_75881.jpg
p051,c2,img_43269.jpg
p051,c2,img_17093.jpg
p051,c2,img_59519.jpg
p051,c2,img_3688.jpg
p051,c2,img_92165.jpg
p051,c2,img_64966.jpg
p051,c2,img_1218.jpg
p051,c2,img_60126.jpg
p051,c2,img_101312.jpg
p051,c2,img_71165.jpg
p051,c2,img_86838.jpg
p051,c2,img_98484.jpg
p051,c2,img_83195.jpg
p051,c2,img_50236.jpg
p051,c2,img_83017.jpg
p051,c2,img_75709.jpg
p051,c2,img_95634.jpg
p051,c2,img_14586.jpg
p051,c2,img_62817.jpg
p051,c2,img_43578.jpg
p051,c2,img_65112.jpg
p051,c2,img_39991.jpg
p051,c2,img_100762.jpg
p051,c2,img_97487.jpg
p051,c2,img_19549.jpg
p051,c2,img_43378.jpg
p051,c2,img_11179.jpg
p051,c2,img_78162.jpg
p051,c2,img_76921.jpg
p051,c2,img_17710.jpg
p051,c2,img_26771.jpg
p051,c2,img_10357.jpg
p051,c2,img_52228.jpg
p051,c2,img_87132.jpg
p051,c2,img_43534.jpg
p051,c2,img_99208.jpg
p051,c2,img_27776.jpg
p051,c2,img_87297.jpg
p051,c2,img_8816.jpg
p051,c2,img_36905.jpg
p051,c2,img_97538.jpg
p051,c2,img_9185.jpg
p051,c2,img_41625.jpg
p051,c2,img_9617.jpg
p051,c2,img_3194.jpg
p051,c2,img_91826.jpg
p051,c2,img_96180.jpg
p051,c2,img_24485.jpg
p051,c2,img_15124.jpg
p051,c2,img_12280.jpg
p051,c2,img_48619.jpg
p051,c3,img_244.jpg
p051,c3,img_38619.jpg
p051,c3,img_66717.jpg
p051,c3,img_101059.jpg
p051,c3,img_22525.jpg
p051,c3,img_80292.jpg
p051,c3,img_30791.jpg
p051,c3,img_4614.jpg
p051,c3,img_30787.jpg
p051,c3,img_74418.jpg
p051,c3,img_48449.jpg
p051,c3,img_2036.jpg
p051,c3,img_23805.jpg
p051,c3,img_92739.jpg
p051,c3,img_11743.jpg
p051,c3,img_456.jpg
p051,c3,img_17615.jpg
p051,c3,img_39288.jpg
p051,c3,img_41378.jpg
p051,c3,img_51310.jpg
p051,c3,img_8033.jpg
p051,c3,img_74780.jpg
p051,c3,img_18004.jpg
p051,c3,img_4303.jpg
p051,c3,img_569.jpg
p051,c3,img_66404.jpg
p051,c3,img_20267.jpg
p051,c3,img_81736.jpg
p051,c3,img_98186.jpg
p051,c3,img_86857.jpg
p051,c3,img_45848.jpg
p051,c3,img_4099.jpg
p051,c3,img_29910.jpg
p051,c3,img_3630.jpg
p051,c3,img_84706.jpg
p051,c3,img_13626.jpg
p051,c3,img_43185.jpg
p051,c3,img_100412.jpg
p051,c3,img_99118.jpg
p051,c3,img_80587.jpg
p051,c3,img_34914.jpg
p051,c3,img_1701.jpg
p051,c3,img_2795.jpg
p051,c3,img_101582.jpg
p051,c3,img_68941.jpg
p051,c3,img_74023.jpg
p051,c3,img_11142.jpg
p051,c3,img_89971.jpg
p051,c3,img_58500.jpg
p051,c3,img_43168.jpg
p051,c3,img_58494.jpg
p051,c3,img_53334.jpg
p051,c3,img_32285.jpg
p051,c3,img_54608.jpg
p051,c3,img_60392.jpg
p051,c3,img_49082.jpg
p051,c3,img_84105.jpg
p051,c3,img_84299.jpg
p051,c3,img_19519.jpg
p051,c3,img_33998.jpg
p051,c3,img_28292.jpg
p051,c3,img_55941.jpg
p051,c3,img_7017.jpg
p051,c3,img_96587.jpg
p051,c3,img_73427.jpg
p051,c3,img_41890.jpg
p051,c3,img_17702.jpg
p051,c3,img_11803.jpg
p051,c3,img_20168.jpg
p051,c3,img_37240.jpg
p051,c3,img_58573.jpg
p051,c3,img_88155.jpg
p051,c3,img_71076.jpg
p051,c3,img_76504.jpg
p051,c3,img_71644.jpg
p051,c3,img_6073.jpg
p051,c3,img_68085.jpg
p051,c3,img_83058.jpg
p051,c3,img_28087.jpg
p051,c3,img_71330.jpg
p051,c3,img_29040.jpg
p051,c3,img_84383.jpg
p051,c3,img_9422.jpg
p051,c4,img_12589.jpg
p051,c4,img_2632.jpg
p051,c4,img_82585.jpg
p051,c4,img_31339.jpg
p051,c4,img_28681.jpg
p051,c4,img_57097.jpg
p051,c4,img_33930.jpg
p051,c4,img_29847.jpg
p051,c4,img_38541.jpg
p051,c4,img_23611.jpg
p051,c4,img_97720.jpg
p051,c4,img_59158.jpg
p051,c4,img_95887.jpg
p051,c4,img_45862.jpg
p051,c4,img_30419.jpg
p051,c4,img_71068.jpg
p051,c4,img_45948.jpg
p051,c4,img_57436.jpg
p051,c4,img_5512.jpg
p051,c4,img_20925.jpg
p051,c4,img_27381.jpg
p051,c4,img_58313.jpg
p051,c4,img_72386.jpg
p051,c4,img_51354.jpg
p051,c4,img_849.jpg
p051,c4,img_36036.jpg
p051,c4,img_85923.jpg
p051,c4,img_18801.jpg
p051,c4,img_58244.jpg
p051,c4,img_94532.jpg
p051,c4,img_14447.jpg
p051,c4,img_65419.jpg
p051,c4,img_18909.jpg
p051,c4,img_92484.jpg
p051,c4,img_39456.jpg
p051,c4,img_31341.jpg
p051,c4,img_6278.jpg
p051,c4,img_91286.jpg
p051,c4,img_5565.jpg
p051,c4,img_3714.jpg
p051,c4,img_19284.jpg
p051,c4,img_36900.jpg
p051,c4,img_84205.jpg
p051,c4,img_19453.jpg
p051,c4,img_69965.jpg
p051,c4,img_26033.jpg
p051,c4,img_2098.jpg
p051,c4,img_82271.jpg
p051,c4,img_25691.jpg
p051,c4,img_32336.jpg
p051,c4,img_43513.jpg
p051,c4,img_32405.jpg
p051,c4,img_87038.jpg
p051,c4,img_22425.jpg
p051,c4,img_68503.jpg
p051,c4,img_45999.jpg
p051,c4,img_4603.jpg
p051,c4,img_4326.jpg
p051,c4,img_9095.jpg
p051,c4,img_41226.jpg
p051,c4,img_54546.jpg
p051,c4,img_92710.jpg
p051,c4,img_6825.jpg
p051,c4,img_9775.jpg
p051,c4,img_97750.jpg
p051,c4,img_67841.jpg
p051,c4,img_89281.jpg
p051,c4,img_101949.jpg
p051,c4,img_96889.jpg
p051,c4,img_42042.jpg
p051,c4,img_101631.jpg
p051,c4,img_55219.jpg
p051,c4,img_87851.jpg
p051,c4,img_16368.jpg
p051,c4,img_37087.jpg
p051,c4,img_80034.jpg
p051,c4,img_96244.jpg
p051,c4,img_29474.jpg
p051,c4,img_5911.jpg
p051,c4,img_17058.jpg
p051,c4,img_15449.jpg
p051,c5,img_74854.jpg
p051,c5,img_19127.jpg
p051,c5,img_97202.jpg
p051,c5,img_83646.jpg
p051,c5,img_97373.jpg
p051,c5,img_86979.jpg
p051,c5,img_13386.jpg
p051,c5,img_32752.jpg
p051,c5,img_64133.jpg
p051,c5,img_21985.jpg
p051,c5,img_12314.jpg
p051,c5,img_72776.jpg
p051,c5,img_23975.jpg
p051,c5,img_47214.jpg
p051,c5,img_69669.jpg
p051,c5,img_56663.jpg
p051,c5,img_16384.jpg
p051,c5,img_70265.jpg
p051,c5,img_57168.jpg
p051,c5,img_2554.jpg
p051,c5,img_72677.jpg
p051,c5,img_64810.jpg
p051,c5,img_26900.jpg
p051,c5,img_66518.jpg
p051,c5,img_18469.jpg
p051,c5,img_58032.jpg
p051,c5,img_2553.jpg
p051,c5,img_87356.jpg
p051,c5,img_15806.jpg
p051,c5,img_75063.jpg
p051,c5,img_42467.jpg
p051,c5,img_24442.jpg
p051,c5,img_63551.jpg
p051,c5,img_35088.jpg
p051,c5,img_12574.jpg
p051,c5,img_99955.jpg
p051,c5,img_32000.jpg
p051,c5,img_16024.jpg
p051,c5,img_63348.jpg
p051,c5,img_11634.jpg
p051,c5,img_46270.jpg
p051,c5,img_3712.jpg
p051,c5,img_58973.jpg
p051,c5,img_77760.jpg
p051,c5,img_41601.jpg
p051,c5,img_55886.jpg
p051,c5,img_49781.jpg
p051,c5,img_83772.jpg
p051,c5,img_84463.jpg
p051,c5,img_99681.jpg
p051,c5,img_88681.jpg
p051,c5,img_49279.jpg
p051,c5,img_17326.jpg
p051,c5,img_47877.jpg
p051,c5,img_38617.jpg
p051,c5,img_36762.jpg
p051,c5,img_58544.jpg
p051,c5,img_9096.jpg
p051,c5,img_81633.jpg
p051,c5,img_59925.jpg
p051,c5,img_45371.jpg
p051,c5,img_20379.jpg
p051,c5,img_40752.jpg
p051,c5,img_25278.jpg
p051,c5,img_68735.jpg
p051,c5,img_55094.jpg
p051,c5,img_41118.jpg
p051,c5,img_67675.jpg
p051,c5,img_8495.jpg
p051,c5,img_14140.jpg
p051,c5,img_64864.jpg
p051,c5,img_99541.jpg
p051,c5,img_4166.jpg
p051,c5,img_85279.jpg
p051,c5,img_39343.jpg
p051,c5,img_77084.jpg
p051,c5,img_67915.jpg
p051,c5,img_99378.jpg
p051,c5,img_47959.jpg
p051,c5,img_53722.jpg
p051,c5,img_22714.jpg
p051,c5,img_72188.jpg
p051,c5,img_86443.jpg
p052,c0,img_9252.jpg
p052,c0,img_60985.jpg
p052,c0,img_91438.jpg
p052,c0,img_50417.jpg
p052,c0,img_49788.jpg
p052,c0,img_89240.jpg
p052,c0,img_21665.jpg
p052,c0,img_17758.jpg
p052,c0,img_91262.jpg
p052,c0,img_26020.jpg
p052,c0,img_25822.jpg
p052,c0,img_74493.jpg
p052,c0,img_2120.jpg
p052,c0,img_96840.jpg
p052,c0,img_67255.jpg
p052,c0,img_54603.jpg
p052,c0,img_101015.jpg
p052,c0,img_12247.jpg
p052,c0,img_101383.jpg
p052,c0,img_38113.jpg
p052,c0,img_41646.jpg
p052,c0,img_91409.jpg
p052,c0,img_19051.jpg
p052,c0,img_31747.jpg
p052,c0,img_62538.jpg
p052,c0,img_89139.jpg
p052,c0,img_40536.jpg
p052,c0,img_84583.jpg
p052,c0,img_55693.jpg
p052,c0,img_33358.jpg
p052,c0,img_2092.jpg
p052,c0,img_42514.jpg
p052,c0,img_86692.jpg
p052,c0,img_42598.jpg
p052,c0,img_44536.jpg
p052,c0,img_20579.jpg
p052,c0,img_33890.jpg
p052,c0,img_9900.jpg
p052,c0,img_12851.jpg
p052,c0,img_82035.jpg
p052,c0,img_61145.jpg
p052,c0,img_43148.jpg
p052,c0,img_54966.jpg
p052,c0,img_48185.jpg
p052,c0,img_44030.jpg
p052,c0,img_84019.jpg
p052,c0,img_74460.jpg
p052,c0,img_95728.jpg
p052,c0,img_52100.jpg
p052,c0,img_66256.jpg
p052,c0,img_66392.jpg
p052,c0,img_1872.jpg
p052,c0,img_68860.jpg
p052,c0,img_59285.jpg
p052,c0,img_25402.jpg
p052,c0,img_38686.jpg
p052,c0,img_60029.jpg
p052,c0,img_29660.jpg
p052,c0,img_20249.jpg
p052,c0,img_5414.jpg
p052,c0,img_16816.jpg
p052,c0,img_28066.jpg
p052,c0,img_57215.jpg
p052,c0,img_8841.jpg
p052,c0,img_27394.jpg
p052,c0,img_63590.jpg
p052,c0,img_4960.jpg
p052,c0,img_6030.jpg
p052,c0,img_33714.jpg
p052,c0,img_12813.jpg
p052,c0,img_78146.jpg
p052,c0,img_77498.jpg
p052,c2,img_63626.jpg
p052,c2,img_66419.jpg
p052,c2,img_77967.jpg
p052,c2,img_25954.jpg
p052,c2,img_90905.jpg
p052,c2,img_93714.jpg
p052,c2,img_85883.jpg
p052,c2,img_5646.jpg
p052,c2,img_10368.jpg
p052,c2,img_79518.jpg
p052,c2,img_13859.jpg
p052,c2,img_72043.jpg
p052,c2,img_71757.jpg
p052,c2,img_93630.jpg
p052,c2,img_76349.jpg
p052,c2,img_6023.jpg
p052,c2,img_20798.jpg
p052,c2,img_29468.jpg
p052,c2,img_68647.jpg
p052,c2,img_56236.jpg
p052,c2,img_10365.jpg
p052,c2,img_10332.jpg
p052,c2,img_37366.jpg
p052,c2,img_65409.jpg
p052,c2,img_93866.jpg
p052,c2,img_14508.jpg
p052,c2,img_22105.jpg
p052,c2,img_66223.jpg
p052,c2,img_33012.jpg
p052,c2,img_71280.jpg
p052,c2,img_49039.jpg
p052,c2,img_76489.jpg
p052,c2,img_34264.jpg
p052,c2,img_28598.jpg
p052,c2,img_81161.jpg
p052,c2,img_97843.jpg
p052,c2,img_61510.jpg
p052,c2,img_20381.jpg
p052,c2,img_31427.jpg
p052,c2,img_5750.jpg
p052,c2,img_36413.jpg
p052,c2,img_1530.jpg
p052,c2,img_70902.jpg
p052,c2,img_20474.jpg
p052,c2,img_52360.jpg
p052,c2,img_95052.jpg
p052,c2,img_45565.jpg
p052,c2,img_8865.jpg
p052,c2,img_8777.jpg
p052,c2,img_27518.jpg
p052,c2,img_2040.jpg
p052,c2,img_29065.jpg
p052,c2,img_21356.jpg
p052,c2,img_34413.jpg
p052,c2,img_37677.jpg
p052,c2,img_9178.jpg
p052,c2,img_1341.jpg
p052,c2,img_53736.jpg
p052,c2,img_30708.jpg
p052,c2,img_29788.jpg
p052,c2,img_51398.jpg
p052,c2,img_19634.jpg
p052,c2,img_80944.jpg
p052,c2,img_70521.jpg
p052,c2,img_49910.jpg
p052,c2,img_6450.jpg
p052,c2,img_69894.jpg
p052,c2,img_346.jpg
p052,c2,img_92283.jpg
p052,c2,img_31454.jpg
p052,c2,img_89288.jpg
p052,c2,img_55969.jpg
p052,c2,img_9983.jpg
p052,c2,img_6071.jpg
p052,c2,img_18963.jpg
p052,c2,img_33742.jpg
p052,c2,img_70465.jpg
p052,c2,img_15113.jpg
p052,c2,img_15992.jpg
p052,c2,img_63817.jpg
p052,c2,img_28170.jpg
p052,c2,img_42951.jpg
p052,c2,img_59034.jpg
p052,c2,img_70217.jpg
p052,c3,img_57628.jpg
p052,c3,img_4435.jpg
p052,c3,img_34022.jpg
p052,c3,img_477.jpg
p052,c3,img_35520.jpg
p052,c3,img_88535.jpg
p052,c3,img_58002.jpg
p052,c3,img_57570.jpg
p052,c3,img_93826.jpg
p052,c3,img_1076.jpg
p052,c3,img_62932.jpg
p052,c3,img_4144.jpg
p052,c3,img_101560.jpg
p052,c3,img_41697.jpg
p052,c3,img_91585.jpg
p052,c3,img_76560.jpg
p052,c3,img_72673.jpg
p052,c3,img_85961.jpg
p052,c3,img_86554.jpg
p052,c3,img_2407.jpg
p052,c3,img_32870.jpg
p052,c3,img_90849.jpg
p052,c3,img_85359.jpg
p052,c3,img_67985.jpg
p052,c3,img_13329.jpg
p052,c3,img_23007.jpg
p052,c3,img_64603.jpg
p052,c3,img_64280.jpg
p052,c3,img_40474.jpg
p052,c3,img_7702.jpg
p052,c3,img_82438.jpg
p052,c3,img_89754.jpg
p052,c3,img_91993.jpg
p052,c3,img_27074.jpg
p052,c3,img_34151.jpg
p052,c3,img_86194.jpg
p052,c3,img_4069.jpg
p052,c3,img_47375.jpg
p052,c3,img_37318.jpg
p052,c3,img_31357.jpg
p052,c3,img_37947.jpg
p052,c3,img_85551.jpg
p052,c3,img_87172.jpg
p052,c3,img_26565.jpg
p052,c3,img_17298.jpg
p052,c3,img_55797.jpg
p052,c3,img_76965.jpg
p052,c3,img_6556.jpg
p052,c3,img_15032.jpg
p052,c3,img_42350.jpg
p052,c3,img_13837.jpg
p052,c3,img_45187.jpg
p052,c3,img_91627.jpg
p052,c3,img_43232.jpg
p052,c3,img_13463.jpg
p052,c3,img_39197.jpg
p052,c3,img_65421.jpg
p052,c3,img_9878.jpg
p052,c3,img_8870.jpg
p052,c3,img_74807.jpg
p052,c3,img_19196.jpg
p052,c3,img_99406.jpg
p052,c3,img_35349.jpg
p052,c3,img_97508.jpg
p052,c3,img_6044.jpg
p052,c3,img_95550.jpg
p052,c3,img_9251.jpg
p052,c3,img_68199.jpg
p052,c3,img_90910.jpg
p052,c3,img_49716.jpg
p052,c3,img_1819.jpg
p052,c3,img_18860.jpg
p052,c3,img_74311.jpg
p052,c3,img_45000.jpg
p052,c3,img_29014.jpg
p052,c4,img_94986.jpg
p052,c4,img_3766.jpg
p052,c4,img_19892.jpg
p052,c4,img_96101.jpg
p052,c4,img_78730.jpg
p052,c4,img_94040.jpg
p052,c4,img_97413.jpg
p052,c4,img_58423.jpg
p052,c4,img_71867.jpg
p052,c4,img_53974.jpg
p052,c4,img_68837.jpg
p052,c4,img_99041.jpg
p052,c4,img_52143.jpg
p052,c4,img_63903.jpg
p052,c4,img_30821.jpg
p052,c4,img_40035.jpg
p052,c4,img_13766.jpg
p052,c4,img_62157.jpg
p052,c4,img_40889.jpg
p052,c4,img_75543.jpg
p052,c4,img_69801.jpg
p052,c4,img_14507.jpg
p052,c4,img_45113.jpg
p052,c4,img_99434.jpg
p052,c4,img_81821.jpg
p052,c4,img_41717.jpg
p052,c4,img_99814.jpg
p052,c4,img_97405.jpg
p052,c4,img_47383.jpg
p052,c4,img_14023.jpg
p052,c4,img_90666.jpg
p052,c4,img_22127.jpg
p052,c4,img_49664.jpg
p052,c4,img_63655.jpg
p052,c4,img_55001.jpg
p052,c4,img_23632.jpg
p052,c4,img_84844.jpg
p052,c4,img_62921.jpg
p052,c4,img_95449.jpg
p052,c4,img_78267.jpg
p052,c4,img_73497.jpg
p052,c4,img_95155.jpg
p052,c4,img_16175.jpg
p052,c4,img_84026.jpg
p052,c4,img_52563.jpg
p052,c4,img_21112.jpg
p052,c4,img_86450.jpg
p052,c4,img_35762.jpg
p052,c4,img_91754.jpg
p052,c4,img_41279.jpg
p052,c4,img_81562.jpg
p052,c4,img_11535.jpg
p052,c4,img_4736.jpg
p052,c4,img_16107.jpg
p052,c4,img_65489.jpg
p052,c4,img_54107.jpg
p052,c4,img_9248.jpg
p052,c4,img_71967.jpg
p052,c4,img_36645.jpg
p052,c4,img_22399.jpg
p052,c4,img_50868.jpg
p052,c4,img_41108.jpg
p052,c4,img_39367.jpg
p052,c4,img_68441.jpg
p052,c4,img_89100.jpg
p052,c4,img_6469.jpg
p052,c4,img_42724.jpg
p052,c4,img_73752.jpg
p052,c4,img_76076.jpg
p052,c4,img_22738.jpg
p052,c4,img_95397.jpg
p052,c4,img_29339.jpg
p052,c5,img_51627.jpg
p052,c5,img_96732.jpg
p052,c5,img_85436.jpg
p052,c5,img_98587.jpg
p052,c5,img_13969.jpg
p052,c5,img_54835.jpg
p052,c5,img_49106.jpg
p052,c5,img_28884.jpg
p052,c5,img_75165.jpg
p052,c5,img_20722.jpg
p052,c5,img_84030.jpg
p052,c5,img_93857.jpg
p052,c5,img_27624.jpg
p052,c5,img_52299.jpg
p052,c5,img_661.jpg
p052,c5,img_28442.jpg
p052,c5,img_90730.jpg
p052,c5,img_72806.jpg
p052,c5,img_26824.jpg
p052,c5,img_40076.jpg
p052,c5,img_19310.jpg
p052,c5,img_93990.jpg
p052,c5,img_9720.jpg
p052,c5,img_38282.jpg
p052,c5,img_93190.jpg
p052,c5,img_18171.jpg
p052,c5,img_85141.jpg
p052,c5,img_37474.jpg
p052,c5,img_11581.jpg
p052,c5,img_72993.jpg
p052,c5,img_85688.jpg
p052,c5,img_64109.jpg
p052,c5,img_27739.jpg
p052,c5,img_42596.jpg
p052,c5,img_62208.jpg
p052,c5,img_9204.jpg
p052,c5,img_95892.jpg
p052,c5,img_40805.jpg
p052,c5,img_52091.jpg
p052,c5,img_79045.jpg
p052,c5,img_23613.jpg
p052,c5,img_35074.jpg
p052,c5,img_69343.jpg
p052,c5,img_56742.jpg
p052,c5,img_89915.jpg
p052,c5,img_33395.jpg
p052,c5,img_91215.jpg
p052,c5,img_77592.jpg
p052,c5,img_42816.jpg
p052,c5,img_23969.jpg
p052,c5,img_59456.jpg
p052,c5,img_87558.jpg
p052,c5,img_73817.jpg
p052,c5,img_76712.jpg
p052,c5,img_274.jpg
p052,c5,img_64924.jpg
p052,c5,img_70943.jpg
p052,c5,img_52241.jpg
p052,c5,img_35119.jpg
p052,c5,img_64128.jpg
p052,c5,img_31451.jpg
p052,c5,img_8020.jpg
p052,c5,img_100121.jpg
p052,c5,img_14899.jpg
p052,c5,img_45531.jpg
p052,c5,img_6690.jpg
p052,c5,img_60886.jpg
p052,c5,img_6795.jpg
p052,c5,img_20413.jpg
p052,c5,img_89677.jpg
p052,c5,img_41459.jpg
p052,c5,img_43720.jpg
p056,c0,img_32662.jpg
p056,c0,img_88177.jpg
p056,c0,img_27382.jpg
p056,c0,img_80986.jpg
p056,c0,img_3902.jpg
p056,c0,img_96741.jpg
p056,c0,img_38025.jpg
p056,c0,img_43274.jpg
p056,c0,img_63097.jpg
p056,c0,img_59342.jpg
p056,c0,img_38305.jpg
p056,c0,img_25578.jpg
p056,c0,img_47778.jpg
p056,c0,img_48499.jpg
p056,c0,img_76171.jpg
p056,c0,img_13950.jpg
p056,c0,img_99194.jpg
p056,c0,img_64151.jpg
p056,c0,img_45486.jpg
p056,c0,img_58598.jpg
p056,c0,img_3873.jpg
p056,c0,img_67757.jpg
p056,c0,img_47044.jpg
p056,c0,img_18121.jpg
p056,c0,img_15470.jpg
p056,c0,img_65561.jpg
p056,c0,img_17591.jpg
p056,c0,img_63882.jpg
p056,c0,img_89613.jpg
p056,c0,img_78874.jpg
p056,c0,img_44227.jpg
p056,c0,img_65827.jpg
p056,c0,img_39565.jpg
p056,c0,img_59943.jpg
p056,c0,img_41417.jpg
p056,c0,img_20790.jpg
p056,c0,img_5785.jpg
p056,c0,img_70820.jpg
p056,c0,img_20638.jpg
p056,c0,img_56773.jpg
p056,c0,img_78742.jpg
p056,c0,img_16980.jpg
p056,c0,img_79806.jpg
p056,c0,img_80269.jpg
p056,c0,img_80773.jpg
p056,c0,img_28167.jpg
p056,c0,img_25865.jpg
p056,c0,img_78165.jpg
p056,c0,img_66605.jpg
p056,c0,img_36593.jpg
p056,c0,img_46746.jpg
p056,c0,img_7604.jpg
p056,c0,img_42637.jpg
p056,c0,img_65313.jpg
p056,c0,img_9907.jpg
p056,c0,img_82800.jpg
p056,c0,img_54851.jpg
p056,c0,img_80676.jpg
p056,c0,img_78233.jpg
p056,c0,img_84279.jpg
p056,c0,img_63398.jpg
p056,c0,img_84072.jpg
p056,c0,img_27041.jpg
p056,c0,img_70727.jpg
p056,c0,img_79760.jpg
p056,c0,img_26185.jpg
p056,c0,img_75497.jpg
p056,c0,img_37953.jpg
p056,c0,img_21744.jpg
p056,c0,img_37413.jpg
p056,c0,img_97780.jpg
p056,c0,img_13852.jpg
p056,c0,img_37644.jpg
p056,c0,img_73376.jpg
p056,c0,img_75704.jpg
p056,c0,img_63833.jpg
p056,c0,img_36260.jpg
p056,c0,img_83829.jpg
p056,c0,img_80365.jpg
p056,c0,img_35549.jpg
p056,c0,img_66900.jpg
p056,c2,img_101123.jpg
p056,c2,img_57028.jpg
p056,c2,img_87149.jpg
p056,c2,img_34538.jpg
p056,c2,img_73730.jpg
p056,c2,img_27071.jpg
p056,c2,img_28012.jpg
p056,c2,img_56368.jpg
p056,c2,img_53367.jpg
p056,c2,img_93839.jpg
p056,c2,img_20857.jpg
p056,c2,img_30291.jpg
p056,c2,img_96924.jpg
p056,c2,img_29301.jpg
p056,c2,img_25722.jpg
p056,c2,img_15269.jpg
p056,c2,img_91529.jpg
p056,c2,img_31930.jpg
p056,c2,img_34321.jpg
p056,c2,img_92802.jpg
p056,c2,img_58158.jpg
p056,c2,img_50145.jpg
p056,c2,img_86850.jpg
p056,c2,img_32535.jpg
p056,c2,img_36811.jpg
p056,c2,img_24559.jpg
p056,c2,img_39895.jpg
p056,c2,img_36745.jpg
p056,c2,img_1713.jpg
p056,c2,img_97326.jpg
p056,c2,img_42448.jpg
p056,c2,img_88342.jpg
p056,c2,img_47288.jpg
p056,c2,img_40981.jpg
p056,c2,img_13889.jpg
p056,c2,img_86796.jpg
p056,c2,img_64533.jpg
p056,c2,img_3960.jpg
p056,c2,img_42822.jpg
p056,c2,img_25270.jpg
p056,c2,img_21958.jpg
p056,c2,img_45931.jpg
p056,c2,img_19581.jpg
p056,c2,img_75501.jpg
p056,c2,img_80335.jpg
p056,c2,img_42454.jpg
p056,c2,img_30122.jpg
p056,c2,img_31855.jpg
p056,c2,img_3541.jpg
p056,c2,img_13108.jpg
p056,c2,img_34625.jpg
p056,c2,img_15300.jpg
p056,c2,img_90751.jpg
p056,c2,img_6782.jpg
p056,c2,img_99686.jpg
p056,c2,img_93486.jpg
p056,c2,img_86510.jpg
p056,c2,img_67496.jpg
p056,c2,img_70227.jpg
p056,c2,img_77181.jpg
p056,c2,img_37194.jpg
p056,c2,img_25681.jpg
p056,c2,img_51809.jpg
p056,c2,img_49634.jpg
p056,c2,img_9978.jpg
p056,c2,img_78352.jpg
p056,c2,img_4100.jpg
p056,c2,img_52239.jpg
p056,c2,img_86771.jpg
p056,c2,img_88457.jpg
p056,c2,img_97629.jpg
p056,c2,img_46700.jpg
p056,c2,img_36606.jpg
p056,c2,img_4565.jpg
p056,c2,img_30480.jpg
p056,c2,img_79658.jpg
p056,c2,img_499.jpg
p056,c2,img_38000.jpg
p056,c2,img_50558.jpg
p056,c2,img_30524.jpg
p056,c3,img_87304.jpg
p056,c3,img_49283.jpg
p056,c3,img_1900.jpg
p056,c3,img_19908.jpg
p056,c3,img_95358.jpg
p056,c3,img_36640.jpg
p056,c3,img_52357.jpg
p056,c3,img_71325.jpg
p056,c3,img_65727.jpg
p056,c3,img_27571.jpg
p056,c3,img_91724.jpg
p056,c3,img_70695.jpg
p056,c3,img_97271.jpg
p056,c3,img_57773.jpg
p056,c3,img_20113.jpg
p056,c3,img_95248.jpg
p056,c3,img_73171.jpg
p056,c3,img_53216.jpg
p056,c3,img_76438.jpg
p056,c3,img_15737.jpg
p056,c3,img_101741.jpg
p056,c3,img_29491.jpg
p056,c3,img_58687.jpg
p056,c3,img_13555.jpg
p056,c3,img_100139.jpg
p056,c3,img_7093.jpg
p056,c3,img_40875.jpg
p056,c3,img_72416.jpg
p056,c3,img_14421.jpg
p056,c3,img_60352.jpg
p056,c3,img_80739.jpg
p056,c3,img_34233.jpg
p056,c3,img_61332.jpg
p056,c3,img_34672.jpg
p056,c3,img_101216.jpg
p056,c3,img_68595.jpg
p056,c3,img_5289.jpg
p056,c3,img_85189.jpg
p056,c3,img_75233.jpg
p056,c3,img_13910.jpg
p056,c3,img_97284.jpg
p056,c3,img_88056.jpg
p056,c3,img_10254.jpg
p056,c3,img_65005.jpg
p056,c3,img_36971.jpg
p056,c3,img_48657.jpg
p056,c3,img_49942.jpg
p056,c3,img_23206.jpg
p056,c3,img_78856.jpg
p056,c3,img_51894.jpg
p056,c3,img_19813.jpg
p056,c3,img_47198.jpg
p056,c3,img_87014.jpg
p056,c3,img_4727.jpg
p056,c3,img_75917.jpg
p056,c3,img_37874.jpg
p056,c3,img_59789.jpg
p056,c3,img_8084.jpg
p056,c3,img_7600.jpg
p056,c3,img_92990.jpg
p056,c3,img_84629.jpg
p056,c3,img_101341.jpg
p056,c3,img_9266.jpg
p056,c3,img_85928.jpg
p056,c3,img_423.jpg
p056,c3,img_86863.jpg
p056,c3,img_6132.jpg
p056,c3,img_9604.jpg
p056,c3,img_18194.jpg
p056,c3,img_30431.jpg
p056,c3,img_35905.jpg
p056,c3,img_54817.jpg
p056,c3,img_21286.jpg
p056,c3,img_14822.jpg
p056,c3,img_69197.jpg
p056,c3,img_74749.jpg
p056,c3,img_65086.jpg
p056,c3,img_55424.jpg
p056,c4,img_51590.jpg
p056,c4,img_88159.jpg
p056,c4,img_73459.jpg
p056,c4,img_32885.jpg
p056,c4,img_83403.jpg
p056,c4,img_85780.jpg
p056,c4,img_29299.jpg
p056,c4,img_14287.jpg
p056,c4,img_82202.jpg
p056,c4,img_50221.jpg
p056,c4,img_38196.jpg
p056,c4,img_20679.jpg
p056,c4,img_89747.jpg
p056,c4,img_76259.jpg
p056,c4,img_64336.jpg
p056,c4,img_63303.jpg
p056,c4,img_56922.jpg
p056,c4,img_42321.jpg
p056,c4,img_31612.jpg
p056,c4,img_28570.jpg
p056,c4,img_61376.jpg
p056,c4,img_38413.jpg
p056,c4,img_14057.jpg
p056,c4,img_80115.jpg
p056,c4,img_30266.jpg
p056,c4,img_59012.jpg
p056,c4,img_27861.jpg
p056,c4,img_79953.jpg
p056,c4,img_72465.jpg
p056,c4,img_40106.jpg
p056,c4,img_12891.jpg
p056,c4,img_73410.jpg
p056,c4,img_74515.jpg
p056,c4,img_58735.jpg
p056,c4,img_37476.jpg
p056,c4,img_33510.jpg
p056,c4,img_66287.jpg
p056,c4,img_30305.jpg
p056,c4,img_67961.jpg
p056,c4,img_32254.jpg
p056,c4,img_36978.jpg
p056,c4,img_7004.jpg
p056,c4,img_38155.jpg
p056,c4,img_56024.jpg
p056,c4,img_29514.jpg
p056,c4,img_31675.jpg
p056,c4,img_1408.jpg
p056,c4,img_34792.jpg
p056,c4,img_79567.jpg
p056,c4,img_77933.jpg
p056,c4,img_16093.jpg
p056,c4,img_28041.jpg
p056,c4,img_75108.jpg
p056,c4,img_4154.jpg
p056,c4,img_23482.jpg
p056,c4,img_75896.jpg
p056,c4,img_89789.jpg
p056,c4,img_12160.jpg
p056,c4,img_9832.jpg
p056,c4,img_37714.jpg
p056,c4,img_93846.jpg
p056,c4,img_75239.jpg
p056,c4,img_40589.jpg
p056,c4,img_5539.jpg
p056,c4,img_78018.jpg
p056,c4,img_89227.jpg
p056,c4,img_82318.jpg
p056,c4,img_19783.jpg
p056,c4,img_49689.jpg
p056,c4,img_57654.jpg
p056,c4,img_54091.jpg
p056,c4,img_48663.jpg
p056,c4,img_16554.jpg
p056,c4,img_89899.jpg
p056,c4,img_51792.jpg
p056,c4,img_49513.jpg
p056,c4,img_33539.jpg
p056,c4,img_39916.jpg
p056,c4,img_73989.jpg
p056,c4,img_84210.jpg
p056,c4,img_27857.jpg
p056,c4,img_102060.jpg
p056,c5,img_94594.jpg
p056,c5,img_46091.jpg
p056,c5,img_23201.jpg
p056,c5,img_17839.jpg
p056,c5,img_83064.jpg
p056,c5,img_53117.jpg
p056,c5,img_86151.jpg
p056,c5,img_1797.jpg
p056,c5,img_27635.jpg
p056,c5,img_14060.jpg
p056,c5,img_27143.jpg
p056,c5,img_17975.jpg
p056,c5,img_100797.jpg
p056,c5,img_6644.jpg
p056,c5,img_8011.jpg
p056,c5,img_81599.jpg
p056,c5,img_79967.jpg
p056,c5,img_63733.jpg
p056,c5,img_34810.jpg
p056,c5,img_89466.jpg
p056,c5,img_5316.jpg
p056,c5,img_61293.jpg
p056,c5,img_7779.jpg
p056,c5,img_98457.jpg
p056,c5,img_6675.jpg
p056,c5,img_56428.jpg
p056,c5,img_67107.jpg
p056,c5,img_84878.jpg
p056,c5,img_58442.jpg
p056,c5,img_67676.jpg
p056,c5,img_19279.jpg
p056,c5,img_40117.jpg
p056,c5,img_66438.jpg
p056,c5,img_8780.jpg
p056,c5,img_11360.jpg
p056,c5,img_27727.jpg
p056,c5,img_17356.jpg
p056,c5,img_73044.jpg
p056,c5,img_54283.jpg
p056,c5,img_49504.jpg
p056,c5,img_8521.jpg
p056,c5,img_8838.jpg
p056,c5,img_6861.jpg
p056,c5,img_92002.jpg
p056,c5,img_100469.jpg
p056,c5,img_49927.jpg
p056,c5,img_50614.jpg
p056,c5,img_58496.jpg
p056,c5,img_11309.jpg
p056,c5,img_65673.jpg
p056,c5,img_38089.jpg
p056,c5,img_46152.jpg
p056,c5,img_13214.jpg
p056,c5,img_78284.jpg
p056,c5,img_63265.jpg
p056,c5,img_66622.jpg
p056,c5,img_53814.jpg
p056,c5,img_79090.jpg
p056,c5,img_55811.jpg
p056,c5,img_71899.jpg
p056,c5,img_73158.jpg
p056,c5,img_100636.jpg
p056,c5,img_32163.jpg
p056,c5,img_66432.jpg
p056,c5,img_69409.jpg
p056,c5,img_48723.jpg
p056,c5,img_25777.jpg
p056,c5,img_20454.jpg
p056,c5,img_27118.jpg
p056,c5,img_24968.jpg
p056,c5,img_73199.jpg
p056,c5,img_9563.jpg
p056,c5,img_60193.jpg
p056,c5,img_44863.jpg
p056,c5,img_44161.jpg
p056,c5,img_29022.jpg
p056,c5,img_34464.jpg
p056,c5,img_97799.jpg
p056,c5,img_5836.jpg
p056,c5,img_78695.jpg
p056,c5,img_92024.jpg
p061,c0,img_79017.jpg
p061,c0,img_97584.jpg
p061,c0,img_43311.jpg
p061,c0,img_59737.jpg
p061,c0,img_51347.jpg
p061,c0,img_94538.jpg
p061,c0,img_48175.jpg
p061,c0,img_77617.jpg
p061,c0,img_82654.jpg
p061,c0,img_74403.jpg
p061,c0,img_102087.jpg
p061,c0,img_4733.jpg
p061,c0,img_13675.jpg
p061,c0,img_58922.jpg
p061,c0,img_81052.jpg
p061,c0,img_54366.jpg
p061,c0,img_97751.jpg
p061,c0,img_62737.jpg
p061,c0,img_16990.jpg
p061,c0,img_32707.jpg
p061,c0,img_52699.jpg
p061,c0,img_19970.jpg
p061,c0,img_44121.jpg
p061,c0,img_81643.jpg
p061,c0,img_15117.jpg
p061,c0,img_79563.jpg
p061,c0,img_41948.jpg
p061,c0,img_91788.jpg
p061,c0,img_85949.jpg
p061,c0,img_32174.jpg
p061,c0,img_50526.jpg
p061,c0,img_52776.jpg
p061,c0,img_84289.jpg
p061,c0,img_40944.jpg
p061,c0,img_48288.jpg
p061,c0,img_80325.jpg
p061,c0,img_10704.jpg
p061,c0,img_98733.jpg
p061,c0,img_51928.jpg
p061,c0,img_39356.jpg
p061,c0,img_87301.jpg
p061,c0,img_54415.jpg
p061,c0,img_88541.jpg
p061,c0,img_74442.jpg
p061,c0,img_73265.jpg
p061,c0,img_10307.jpg
p061,c0,img_79400.jpg
p061,c0,img_22830.jpg
p061,c0,img_86303.jpg
p061,c0,img_65363.jpg
p061,c0,img_49228.jpg
p061,c0,img_17922.jpg
p061,c0,img_51329.jpg
p061,c0,img_95999.jpg
p061,c0,img_27870.jpg
p061,c0,img_81207.jpg
p061,c0,img_91946.jpg
p061,c0,img_40022.jpg
p061,c0,img_17965.jpg
p061,c0,img_20661.jpg
p061,c0,img_48339.jpg
p061,c0,img_81260.jpg
p061,c0,img_78518.jpg
p061,c0,img_31937.jpg
p061,c0,img_99715.jpg
p061,c0,img_91268.jpg
p061,c0,img_4983.jpg
p061,c0,img_55934.jpg
p061,c0,img_81396.jpg
p061,c0,img_94353.jpg
p061,c0,img_101196.jpg
p061,c0,img_49612.jpg
p061,c0,img_9270.jpg
p061,c0,img_44544.jpg
p061,c0,img_15367.jpg
p061,c0,img_37011.jpg
p061,c0,img_69059.jpg
p061,c0,img_65547.jpg
p061,c0,img_39507.jpg
p061,c0,img_76552.jpg
p061,c0,img_69694.jpg
p061,c0,img_70220.jpg
p061,c0,img_49589.jpg
p061,c0,img_61108.jpg
p061,c2,img_11674.jpg
p061,c2,img_57458.jpg
p061,c2,img_61717.jpg
p061,c2,img_95222.jpg
p061,c2,img_31429.jpg
p061,c2,img_82269.jpg
p061,c2,img_95367.jpg
p061,c2,img_12763.jpg
p061,c2,img_80176.jpg
p061,c2,img_57336.jpg
p061,c2,img_4402.jpg
p061,c2,img_68732.jpg
p061,c2,img_3645.jpg
p061,c2,img_3024.jpg
p061,c2,img_49368.jpg
p061,c2,img_48080.jpg
p061,c2,img_101097.jpg
p061,c2,img_85053.jpg
p061,c2,img_258.jpg
p061,c2,img_13252.jpg
p061,c2,img_22294.jpg
p061,c2,img_58615.jpg
p061,c2,img_65622.jpg
p061,c2,img_36063.jpg
p061,c2,img_84640.jpg
p061,c2,img_32491.jpg
p061,c2,img_76731.jpg
p061,c2,img_62946.jpg
p061,c2,img_91914.jpg
p061,c2,img_28974.jpg
p061,c2,img_25697.jpg
p061,c2,img_23257.jpg
p061,c2,img_62433.jpg
p061,c2,img_91658.jpg
p061,c2,img_17250.jpg
p061,c2,img_54374.jpg
p061,c2,img_68825.jpg
p061,c2,img_64535.jpg
p061,c2,img_95814.jpg
p061,c2,img_20618.jpg
p061,c2,img_68417.jpg
p061,c2,img_90856.jpg
p061,c2,img_12376.jpg
p061,c2,img_18242.jpg
p061,c2,img_70587.jpg
p061,c2,img_86854.jpg
p061,c2,img_60206.jpg
p061,c2,img_72063.jpg
p061,c2,img_90310.jpg
p061,c2,img_49729.jpg
p061,c2,img_27124.jpg
p061,c2,img_21529.jpg
p061,c2,img_35196.jpg
p061,c2,img_32701.jpg
p061,c2,img_9719.jpg
p061,c2,img_100113.jpg
p061,c2,img_41349.jpg
p061,c2,img_43583.jpg
p061,c2,img_8238.jpg
p061,c2,img_29536.jpg
p061,c2,img_54652.jpg
p061,c2,img_79768.jpg
p061,c2,img_101659.jpg
p061,c2,img_26094.jpg
p061,c2,img_29864.jpg
p061,c2,img_21887.jpg
p061,c2,img_33841.jpg
p061,c2,img_98685.jpg
p061,c2,img_11003.jpg
p061,c2,img_88852.jpg
p061,c2,img_12412.jpg
p061,c2,img_7567.jpg
p061,c2,img_74530.jpg
p061,c2,img_18980.jpg
p061,c2,img_68830.jpg
p061,c2,img_83596.jpg
p061,c2,img_84666.jpg
p061,c2,img_36610.jpg
p061,c2,img_80263.jpg
p061,c2,img_61800.jpg
p061,c2,img_94500.jpg
p061,c3,img_101625.jpg
p061,c3,img_73672.jpg
p061,c3,img_99947.jpg
p061,c3,img_83312.jpg
p061,c3,img_28684.jpg
p061,c3,img_78068.jpg
p061,c3,img_66182.jpg
p061,c3,img_15895.jpg
p061,c3,img_39900.jpg
p061,c3,img_57439.jpg
p061,c3,img_90398.jpg
p061,c3,img_65627.jpg
p061,c3,img_55979.jpg
p061,c3,img_65941.jpg
p061,c3,img_96594.jpg
p061,c3,img_14700.jpg
p061,c3,img_29388.jpg
p061,c3,img_6747.jpg
p061,c3,img_51002.jpg
p061,c3,img_78105.jpg
p061,c3,img_16532.jpg
p061,c3,img_39944.jpg
p061,c3,img_24878.jpg
p061,c3,img_6078.jpg
p061,c3,img_38717.jpg
p061,c3,img_43466.jpg
p061,c3,img_93092.jpg
p061,c3,img_64243.jpg
p061,c3,img_69323.jpg
p061,c3,img_57418.jpg
p061,c3,img_43005.jpg
p061,c3,img_87971.jpg
p061,c3,img_63787.jpg
p061,c3,img_45294.jpg
p061,c3,img_84261.jpg
p061,c3,img_98375.jpg
p061,c3,img_71077.jpg
p061,c3,img_18085.jpg
p061,c3,img_6220.jpg
p061,c3,img_60891.jpg
p061,c3,img_9271.jpg
p061,c3,img_49615.jpg
p061,c3,img_76568.jpg
p061,c3,img_11120.jpg
p061,c3,img_93756.jpg
p061,c3,img_19856.jpg
p061,c3,img_39355.jpg
p061,c3,img_74558.jpg
p061,c3,img_41805.jpg
p061,c3,img_95962.jpg
p061,c3,img_71904.jpg
p061,c3,img_63127.jpg
p061,c3,img_65284.jpg
p061,c3,img_83133.jpg
p061,c3,img_17107.jpg
p061,c3,img_73192.jpg
p061,c3,img_38244.jpg
p061,c3,img_89342.jpg
p061,c3,img_94651.jpg
p061,c3,img_27485.jpg
p061,c3,img_21208.jpg
p061,c3,img_8635.jpg
p061,c3,img_100423.jpg
p061,c3,img_8272.jpg
p061,c3,img_43954.jpg
p061,c3,img_11228.jpg
p061,c3,img_85545.jpg
p061,c3,img_56578.jpg
p061,c3,img_84474.jpg
p061,c3,img_63355.jpg
p061,c3,img_87714.jpg
p061,c3,img_27199.jpg
p061,c3,img_30212.jpg
p061,c3,img_30844.jpg
p061,c3,img_41903.jpg
p061,c3,img_46374.jpg
p061,c3,img_45397.jpg
p061,c3,img_95218.jpg
p061,c3,img_28718.jpg
p061,c3,img_84752.jpg
p061,c3,img_37636.jpg
p061,c3,img_88520.jpg
p061,c3,img_36660.jpg
p061,c4,img_33866.jpg
p061,c4,img_32982.jpg
p061,c4,img_68770.jpg
p061,c4,img_39966.jpg
p061,c4,img_30910.jpg
p061,c4,img_99992.jpg
p061,c4,img_41361.jpg
p061,c4,img_20494.jpg
p061,c4,img_48946.jpg
p061,c4,img_30294.jpg
p061,c4,img_16601.jpg
p061,c4,img_32554.jpg
p061,c4,img_58464.jpg
p061,c4,img_99035.jpg
p061,c4,img_26807.jpg
p061,c4,img_986.jpg
p061,c4,img_96829.jpg
p061,c4,img_92760.jpg
p061,c4,img_98184.jpg
p061,c4,img_31070.jpg
p061,c4,img_22370.jpg
p061,c4,img_2730.jpg
p061,c4,img_56370.jpg
p061,c4,img_54488.jpg
p061,c4,img_28717.jpg
p061,c4,img_35710.jpg
p061,c4,img_101456.jpg
p061,c4,img_46939.jpg
p061,c4,img_1523.jpg
p061,c4,img_56695.jpg
p061,c4,img_100995.jpg
p061,c4,img_36515.jpg
p061,c4,img_39386.jpg
p061,c4,img_71935.jpg
p061,c4,img_61739.jpg
p061,c4,img_19967.jpg
p061,c4,img_17174.jpg
p061,c4,img_92980.jpg
p061,c4,img_100225.jpg
p061,c4,img_31448.jpg
p061,c4,img_47405.jpg
p061,c4,img_14813.jpg
p061,c4,img_17648.jpg
p061,c4,img_53713.jpg
p061,c4,img_62439.jpg
p061,c4,img_22523.jpg
p061,c4,img_60847.jpg
p061,c4,img_27168.jpg
p061,c4,img_29844.jpg
p061,c4,img_45673.jpg
p061,c4,img_61077.jpg
p061,c4,img_74801.jpg
p061,c4,img_64942.jpg
p061,c4,img_46039.jpg
p061,c4,img_1374.jpg
p061,c4,img_63958.jpg
p061,c4,img_43020.jpg
p061,c4,img_11533.jpg
p061,c4,img_43469.jpg
p061,c4,img_82159.jpg
p061,c4,img_51891.jpg
p061,c4,img_4684.jpg
p061,c4,img_29225.jpg
p061,c4,img_41576.jpg
p061,c4,img_24017.jpg
p061,c4,img_34437.jpg
p061,c4,img_70645.jpg
p061,c4,img_70540.jpg
p061,c4,img_20076.jpg
p061,c4,img_73619.jpg
p061,c4,img_46832.jpg
p061,c4,img_78240.jpg
p061,c4,img_1760.jpg
p061,c4,img_75672.jpg
p061,c4,img_49938.jpg
p061,c4,img_29375.jpg
p061,c4,img_45122.jpg
p061,c4,img_22200.jpg
p061,c4,img_97696.jpg
p061,c5,img_60378.jpg
p061,c5,img_79087.jpg
p061,c5,img_46472.jpg
p061,c5,img_58979.jpg
p061,c5,img_45430.jpg
p061,c5,img_86358.jpg
p061,c5,img_19257.jpg
p061,c5,img_61196.jpg
p061,c5,img_83651.jpg
p061,c5,img_77583.jpg
p061,c5,img_6101.jpg
p061,c5,img_19636.jpg
p061,c5,img_74918.jpg
p061,c5,img_99673.jpg
p061,c5,img_35289.jpg
p061,c5,img_70069.jpg
p061,c5,img_53916.jpg
p061,c5,img_97786.jpg
p061,c5,img_40321.jpg
p061,c5,img_35207.jpg
p061,c5,img_88375.jpg
p061,c5,img_8469.jpg
p061,c5,img_42571.jpg
p061,c5,img_54689.jpg
p061,c5,img_10847.jpg
p061,c5,img_71803.jpg
p061,c5,img_66835.jpg
p061,c5,img_22070.jpg
p061,c5,img_83701.jpg
p061,c5,img_24397.jpg
p061,c5,img_33680.jpg
p061,c5,img_88045.jpg
p061,c5,img_50001.jpg
p061,c5,img_45513.jpg
p061,c5,img_86517.jpg
p061,c5,img_82592.jpg
p061,c5,img_52002.jpg
p061,c5,img_84281.jpg
p061,c5,img_21700.jpg
p061,c5,img_93442.jpg
p061,c5,img_67476.jpg
p061,c5,img_7568.jpg
p061,c5,img_10349.jpg
p061,c5,img_46248.jpg
p061,c5,img_53913.jpg
p061,c5,img_95552.jpg
p061,c5,img_16248.jpg
p061,c5,img_16214.jpg
p061,c5,img_5941.jpg
p061,c5,img_80030.jpg
p061,c5,img_52108.jpg
p061,c5,img_24991.jpg
p061,c5,img_4045.jpg
p061,c5,img_41351.jpg
p061,c5,img_100061.jpg
p061,c5,img_10156.jpg
p061,c5,img_83675.jpg
p061,c5,img_17022.jpg
p061,c5,img_16306.jpg
p061,c5,img_2150.jpg
p061,c5,img_30359.jpg
p061,c5,img_23364.jpg
p061,c5,img_9430.jpg
p061,c5,img_59755.jpg
p061,c5,img_99270.jpg
p061,c5,img_9084.jpg
p061,c5,img_50368.jpg
p061,c5,img_80359.jpg
p061,c5,img_65649.jpg
p061,c5,img_22159.jpg
p061,c5,img_53901.jpg
p061,c5,img_3182.jpg
p061,c5,img_91538.jpg
p061,c5,img_23346.jpg
p061,c5,img_65569.jpg
p061,c5,img_28478.jpg
p061,c5,img_59403.jpg
p061,c5,img_39754.jpg
p061,c5,img_101320.jpg
p061,c5,img_43779.jpg
p061,c5,img_81685.jpg
p064,c0,img_19724.jpg
p064,c0,img_44090.jpg
p064,c0,img_78668.jpg
p064,c0,img_88075.jpg
p064,c0,img_60944.jpg
p064,c0,img_101785.jpg
p064,c0,img_94679.jpg
p064,c0,img_3253.jpg
p064,c0,img_47329.jpg
p064,c0,img_75599.jpg
p064,c0,img_43022.jpg
p064,c0,img_86446.jpg
p064,c0,img_73786.jpg
p064,c0,img_51545.jpg
p064,c0,img_42777.jpg
p064,c0,img_79372.jpg
p064,c0,img_57569.jpg
p064,c0,img_75801.jpg
p064,c0,img_77648.jpg
p064,c0,img_38615.jpg
p064,c0,img_47184.jpg
p064,c0,img_36619.jpg
p064,c0,img_35867.jpg
p064,c0,img_12203.jpg
p064,c0,img_53171.jpg
p064,c0,img_41015.jpg
p064,c0,img_90156.jpg
p064,c0,img_45932.jpg
p064,c0,img_31404.jpg
p064,c0,img_7554.jpg
p064,c0,img_81279.jpg
p064,c0,img_36727.jpg
p064,c0,img_90489.jpg
p064,c0,img_10909.jpg
p064,c0,img_81735.jpg
p064,c0,img_16927.jpg
p064,c0,img_12951.jpg
p064,c0,img_12389.jpg
p064,c0,img_92256.jpg
p064,c0,img_27453.jpg
p064,c0,img_61279.jpg
p064,c0,img_4896.jpg
p064,c0,img_19311.jpg
p064,c0,img_29020.jpg
p064,c0,img_34395.jpg
p064,c0,img_54594.jpg
p064,c0,img_72826.jpg
p064,c0,img_66097.jpg
p064,c0,img_71499.jpg
p064,c0,img_29350.jpg
p064,c0,img_27618.jpg
p064,c0,img_78466.jpg
p064,c0,img_16232.jpg
p064,c0,img_70818.jpg
p064,c0,img_97574.jpg
p064,c0,img_29873.jpg
p064,c0,img_18680.jpg
p064,c0,img_94969.jpg
p064,c0,img_100796.jpg
p064,c0,img_99785.jpg
p064,c0,img_45373.jpg
p064,c0,img_17634.jpg
p064,c0,img_35364.jpg
p064,c0,img_18314.jpg
p064,c0,img_2101.jpg
p064,c0,img_41079.jpg
p064,c0,img_31032.jpg
p064,c0,img_4043.jpg
p064,c0,img_327.jpg
p064,c0,img_20712.jpg
p064,c0,img_84131.jpg
p064,c0,img_85072.jpg
p064,c0,img_89776.jpg
p064,c0,img_99779.jpg
p064,c0,img_42043.jpg
p064,c0,img_15890.jpg
p064,c0,img_55109.jpg
p064,c0,img_74746.jpg
p064,c0,img_31659.jpg
p064,c0,img_5315.jpg
p064,c0,img_82761.jpg
p064,c0,img_66609.jpg
p064,c0,img_86168.jpg
p064,c2,img_90624.jpg
p064,c2,img_49745.jpg
p064,c2,img_90432.jpg
p064,c2,img_71654.jpg
p064,c2,img_69752.jpg
p064,c2,img_10378.jpg
p064,c2,img_41660.jpg
p064,c2,img_44839.jpg
p064,c2,img_74369.jpg
p064,c2,img_33069.jpg
p064,c2,img_99148.jpg
p064,c2,img_46438.jpg
p064,c2,img_6076.jpg
p064,c2,img_90185.jpg
p064,c2,img_82791.jpg
p064,c2,img_23998.jpg
p064,c2,img_22931.jpg
p064,c2,img_13117.jpg
p064,c2,img_75811.jpg
p064,c2,img_4740.jpg
p064,c2,img_84979.jpg
p064,c2,img_10983.jpg
p064,c2,img_91605.jpg
p064,c2,img_57967.jpg
p064,c2,img_17841.jpg
p064,c2,img_11436.jpg
p064,c2,img_43280.jpg
p064,c2,img_100493.jpg
p064,c2,img_45275.jpg
p064,c2,img_75287.jpg
p064,c2,img_42257.jpg
p064,c2,img_40988.jpg
p064,c2,img_43277.jpg
p064,c2,img_38151.jpg
p064,c2,img_85314.jpg
p064,c2,img_43620.jpg
p064,c2,img_19925.jpg
p064,c2,img_58666.jpg
p064,c2,img_37132.jpg
p064,c2,img_78684.jpg
p064,c2,img_54872.jpg
p064,c2,img_24701.jpg
p064,c2,img_1599.jpg
p064,c2,img_82702.jpg
p064,c2,img_6429.jpg
p064,c2,img_22879.jpg
p064,c2,img_52128.jpg
p064,c2,img_70920.jpg
p064,c2,img_89768.jpg
p064,c2,img_93111.jpg
p064,c2,img_14433.jpg
p064,c2,img_38238.jpg
p064,c2,img_24566.jpg
p064,c2,img_83262.jpg
p064,c2,img_20514.jpg
p064,c2,img_35223.jpg
p064,c2,img_63840.jpg
p064,c2,img_76107.jpg
p064,c2,img_83273.jpg
p064,c2,img_59330.jpg
p064,c2,img_50063.jpg
p064,c2,img_10829.jpg
p064,c2,img_4253.jpg
p064,c2,img_35656.jpg
p064,c2,img_99094.jpg
p064,c2,img_70549.jpg
p064,c2,img_26880.jpg
p064,c2,img_92758.jpg
p064,c2,img_16603.jpg
p064,c2,img_21557.jpg
p064,c2,img_37540.jpg
p064,c2,img_86333.jpg
p064,c2,img_88052.jpg
p064,c2,img_90331.jpg
p064,c2,img_42803.jpg
p064,c2,img_101068.jpg
p064,c2,img_77151.jpg
p064,c2,img_65803.jpg
p064,c2,img_58090.jpg
p064,c2,img_38738.jpg
p064,c2,img_7775.jpg
p064,c2,img_94862.jpg
p064,c2,img_94142.jpg
p064,c3,img_2817.jpg
p064,c3,img_71852.jpg
p064,c3,img_8557.jpg
p064,c3,img_6468.jpg
p064,c3,img_12591.jpg
p064,c3,img_79135.jpg
p064,c3,img_42286.jpg
p064,c3,img_73022.jpg
p064,c3,img_76052.jpg
p064,c3,img_53432.jpg
p064,c3,img_79832.jpg
p064,c3,img_88950.jpg
p064,c3,img_589.jpg
p064,c3,img_95555.jpg
p064,c3,img_28393.jpg
p064,c3,img_60341.jpg
p064,c3,img_59334.jpg
p064,c3,img_6133.jpg
p064,c3,img_56045.jpg
p064,c3,img_38790.jpg
p064,c3,img_61125.jpg
p064,c3,img_87177.jpg
p064,c3,img_87919.jpg
p064,c3,img_23581.jpg
p064,c3,img_50159.jpg
p064,c3,img_52843.jpg
p064,c3,img_69305.jpg
p064,c3,img_70516.jpg
p064,c3,img_39363.jpg
p064,c3,img_26054.jpg
p064,c3,img_21703.jpg
p064,c3,img_1879.jpg
p064,c3,img_100006.jpg
p064,c3,img_54480.jpg
p064,c3,img_3384.jpg
p064,c3,img_29523.jpg
p064,c3,img_1495.jpg
p064,c3,img_99754.jpg
p064,c3,img_69452.jpg
p064,c3,img_2995.jpg
p064,c3,img_15879.jpg
p064,c3,img_18145.jpg
p064,c3,img_14384.jpg
p064,c3,img_76024.jpg
p064,c3,img_15157.jpg
p064,c3,img_30070.jpg
p064,c3,img_13791.jpg
p064,c3,img_101726.jpg
p064,c3,img_77174.jpg
p064,c3,img_92213.jpg
p064,c3,img_9244.jpg
p064,c3,img_81977.jpg
p064,c3,img_20673.jpg
p064,c3,img_34851.jpg
p064,c3,img_11603.jpg
p064,c3,img_65567.jpg
p064,c3,img_41505.jpg
p064,c3,img_71147.jpg
p064,c3,img_48271.jpg
p064,c3,img_39259.jpg
p064,c3,img_25520.jpg
p064,c3,img_73844.jpg
p064,c3,img_38028.jpg
p064,c3,img_93555.jpg
p064,c3,img_83353.jpg
p064,c3,img_57042.jpg
p064,c3,img_49342.jpg
p064,c3,img_3767.jpg
p064,c3,img_13542.jpg
p064,c3,img_78682.jpg
p064,c3,img_82501.jpg
p064,c3,img_4647.jpg
p064,c3,img_63578.jpg
p064,c3,img_59442.jpg
p064,c3,img_45088.jpg
p064,c3,img_26488.jpg
p064,c3,img_55897.jpg
p064,c3,img_97518.jpg
p064,c3,img_55487.jpg
p064,c3,img_86483.jpg
p064,c3,img_64223.jpg
p064,c3,img_78349.jpg
p064,c3,img_77523.jpg
p064,c3,img_19330.jpg
p064,c4,img_46858.jpg
p064,c4,img_78512.jpg
p064,c4,img_79585.jpg
p064,c4,img_32966.jpg
p064,c4,img_79882.jpg
p064,c4,img_55987.jpg
p064,c4,img_77911.jpg
p064,c4,img_16376.jpg
p064,c4,img_48394.jpg
p064,c4,img_16989.jpg
p064,c4,img_47948.jpg
p064,c4,img_53412.jpg
p064,c4,img_37265.jpg
p064,c4,img_8724.jpg
p064,c4,img_77444.jpg
p064,c4,img_29399.jpg
p064,c4,img_55474.jpg
p064,c4,img_42869.jpg
p064,c4,img_42976.jpg
p064,c4,img_18710.jpg
p064,c4,img_29050.jpg
p064,c4,img_80127.jpg
p064,c4,img_98962.jpg
p064,c4,img_90329.jpg
p064,c4,img_53561.jpg
p064,c4,img_66360.jpg
p064,c4,img_67346.jpg
p064,c4,img_440.jpg
p064,c4,img_57422.jpg
p064,c4,img_55906.jpg
p064,c4,img_88936.jpg
p064,c4,img_26479.jpg
p064,c4,img_57501.jpg
p064,c4,img_35836.jpg
p064,c4,img_79995.jpg
p064,c4,img_85114.jpg
p064,c4,img_35694.jpg
p064,c4,img_51626.jpg
p064,c4,img_94092.jpg
p064,c4,img_23835.jpg
p064,c4,img_14566.jpg
p064,c4,img_44535.jpg
p064,c4,img_79594.jpg
p064,c4,img_61961.jpg
p064,c4,img_28471.jpg
p064,c4,img_94647.jpg
p064,c4,img_95484.jpg
p064,c4,img_27578.jpg
p064,c4,img_66280.jpg
p064,c4,img_83449.jpg
p064,c4,img_94810.jpg
p064,c4,img_6998.jpg
p064,c4,img_48670.jpg
p064,c4,img_55697.jpg
p064,c4,img_23352.jpg
p064,c4,img_64686.jpg
p064,c4,img_46549.jpg
p064,c4,img_79192.jpg
p064,c4,img_71487.jpg
p064,c4,img_101669.jpg
p064,c4,img_54294.jpg
p064,c4,img_46527.jpg
p064,c4,img_94745.jpg
p064,c4,img_19580.jpg
p064,c4,img_97562.jpg
p064,c4,img_61548.jpg
p064,c4,img_12427.jpg
p064,c4,img_17923.jpg
p064,c4,img_66941.jpg
p064,c4,img_38628.jpg
p064,c4,img_101425.jpg
p064,c4,img_61098.jpg
p064,c4,img_99645.jpg
p064,c4,img_69941.jpg
p064,c4,img_69668.jpg
p064,c4,img_33199.jpg
p064,c4,img_27527.jpg
p064,c4,img_51931.jpg
p064,c4,img_12925.jpg
p064,c4,img_5747.jpg
p064,c4,img_26380.jpg
p064,c4,img_63688.jpg
p064,c4,img_17664.jpg
p064,c4,img_19557.jpg
p064,c4,img_74470.jpg
p064,c4,img_45340.jpg
p064,c5,img_19377.jpg
p064,c5,img_77456.jpg
p064,c5,img_64185.jpg
p064,c5,img_48811.jpg
p064,c5,img_1876.jpg
p064,c5,img_7237.jpg
p064,c5,img_98761.jpg
p064,c5,img_98285.jpg
p064,c5,img_16742.jpg
p064,c5,img_29044.jpg
p064,c5,img_95598.jpg
p064,c5,img_28886.jpg
p064,c5,img_53528.jpg
p064,c5,img_87184.jpg
p064,c5,img_91645.jpg
p064,c5,img_77190.jpg
p064,c5,img_31385.jpg
p064,c5,img_29085.jpg
p064,c5,img_67288.jpg
p064,c5,img_90195.jpg
p064,c5,img_90168.jpg
p064,c5,img_63480.jpg
p064,c5,img_36489.jpg
p064,c5,img_39185.jpg
p064,c5,img_18562.jpg
p064,c5,img_89294.jpg
p064,c5,img_96894.jpg
p064,c5,img_70960.jpg
p064,c5,img_38492.jpg
p064,c5,img_82999.jpg
p064,c5,img_67451.jpg
p064,c5,img_74344.jpg
p064,c5,img_49552.jpg
p064,c5,img_17843.jpg
p064,c5,img_52302.jpg
p064,c5,img_66928.jpg
p064,c5,img_2356.jpg
p064,c5,img_26630.jpg
p064,c5,img_464.jpg
p064,c5,img_100136.jpg
p064,c5,img_63856.jpg
p064,c5,img_93327.jpg
p064,c5,img_5101.jpg
p064,c5,img_6584.jpg
p064,c5,img_30810.jpg
p064,c5,img_60569.jpg
p064,c5,img_55692.jpg
p064,c5,img_75147.jpg
p064,c5,img_100334.jpg
p064,c5,img_43552.jpg
p064,c5,img_78821.jpg
p064,c5,img_57116.jpg
p064,c5,img_36466.jpg
p064,c5,img_16129.jpg
p064,c5,img_36393.jpg
p064,c5,img_56621.jpg
p064,c5,img_45098.jpg
p064,c5,img_46142.jpg
p064,c5,img_650.jpg
p064,c5,img_5980.jpg
p064,c5,img_19041.jpg
p064,c5,img_93769.jpg
p064,c5,img_6976.jpg
p064,c5,img_81720.jpg
p064,c5,img_47060.jpg
p064,c5,img_98269.jpg
p064,c5,img_74181.jpg
p064,c5,img_74054.jpg
p064,c5,img_21312.jpg
p064,c5,img_55399.jpg
p064,c5,img_91853.jpg
p064,c5,img_22567.jpg
p064,c5,img_20549.jpg
p064,c5,img_75182.jpg
p064,c5,img_35054.jpg
p064,c5,img_77312.jpg
p064,c5,img_24227.jpg
p064,c5,img_70062.jpg
p064,c5,img_56.jpg
p064,c5,img_59261.jpg
p064,c5,img_79485.jpg
p064,c5,img_45235.jpg
p064,c5,img_65224.jpg
p064,c5,img_93626.jpg
p064,c5,img_39216.jpg
p066,c0,img_22403.jpg
p066,c0,img_11860.jpg
p066,c0,img_8128.jpg
p066,c0,img_17115.jpg
p066,c0,img_42034.jpg
p066,c0,img_88389.jpg
p066,c0,img_70040.jpg
p066,c0,img_6050.jpg
p066,c0,img_59560.jpg
p066,c0,img_78046.jpg
p066,c0,img_262.jpg
p066,c0,img_58181.jpg
p066,c0,img_40382.jpg
p066,c0,img_21155.jpg
p066,c0,img_82290.jpg
p066,c0,img_99515.jpg
p066,c0,img_3600.jpg
p066,c0,img_85057.jpg
p066,c0,img_48765.jpg
p066,c0,img_44083.jpg
p066,c0,img_70108.jpg
p066,c0,img_98271.jpg
p066,c0,img_89526.jpg
p066,c0,img_65674.jpg
p066,c0,img_86021.jpg
p066,c0,img_60674.jpg
p066,c0,img_73049.jpg
p066,c0,img_73193.jpg
p066,c0,img_61593.jpg
p066,c0,img_71418.jpg
p066,c0,img_66541.jpg
p066,c0,img_27217.jpg
p066,c0,img_98454.jpg
p066,c0,img_62612.jpg
p066,c0,img_82027.jpg
p066,c0,img_59125.jpg
p066,c0,img_78627.jpg
p066,c0,img_16903.jpg
p066,c0,img_77136.jpg
p066,c0,img_75020.jpg
p066,c0,img_43296.jpg
p066,c0,img_26245.jpg
p066,c0,img_34515.jpg
p066,c0,img_14634.jpg
p066,c0,img_3326.jpg
p066,c0,img_65494.jpg
p066,c0,img_80652.jpg
p066,c0,img_68662.jpg
p066,c0,img_81103.jpg
p066,c0,img_84817.jpg
p066,c0,img_7778.jpg
p066,c0,img_47451.jpg
p066,c0,img_34928.jpg
p066,c0,img_22895.jpg
p066,c0,img_11836.jpg
p066,c0,img_58330.jpg
p066,c0,img_65899.jpg
p066,c0,img_61611.jpg
p066,c0,img_4888.jpg
p066,c0,img_57373.jpg
p066,c0,img_67048.jpg
p066,c0,img_13380.jpg
p066,c0,img_40663.jpg
p066,c0,img_20994.jpg
p066,c0,img_52937.jpg
p066,c0,img_82591.jpg
p066,c0,img_63775.jpg
p066,c0,img_8541.jpg
p066,c0,img_26926.jpg
p066,c0,img_81502.jpg
p066,c0,img_18923.jpg
p066,c0,img_65296.jpg
p066,c0,img_44281.jpg
p066,c0,img_18243.jpg
p066,c0,img_44981.jpg
p066,c0,img_69280.jpg
p066,c0,img_48347.jpg
p066,c0,img_87687.jpg
p066,c0,img_75458.jpg
p066,c0,img_73651.jpg
p066,c0,img_6240.jpg
p066,c0,img_92867.jpg
p066,c0,img_66350.jpg
p066,c0,img_83852.jpg
p066,c0,img_9286.jpg
p066,c0,img_87263.jpg
p066,c0,img_59944.jpg
p066,c0,img_94359.jpg
p066,c0,img_14868.jpg
p066,c0,img_19843.jpg
p066,c0,img_37486.jpg
p066,c0,img_16287.jpg
p066,c0,img_24623.jpg
p066,c0,img_33065.jpg
p066,c0,img_44969.jpg
p066,c0,img_15929.jpg
p066,c0,img_28141.jpg
p066,c0,img_17184.jpg
p066,c0,img_26695.jpg
p066,c0,img_32299.jpg
p066,c0,img_97181.jpg
p066,c0,img_25783.jpg
p066,c0,img_48814.jpg
p066,c0,img_28710.jpg
p066,c0,img_36499.jpg
p066,c0,img_81205.jpg
p066,c0,img_83093.jpg
p066,c0,img_29306.jpg
p066,c0,img_20421.jpg
p066,c0,img_69640.jpg
p066,c0,img_34288.jpg
p066,c0,img_36239.jpg
p066,c0,img_772.jpg
p066,c0,img_15321.jpg
p066,c0,img_2028.jpg
p066,c0,img_37058.jpg
p066,c0,img_30245.jpg
p066,c0,img_96618.jpg
p066,c0,img_29904.jpg
p066,c0,img_99156.jpg
p066,c0,img_28538.jpg
p066,c0,img_87085.jpg
p066,c0,img_79838.jpg
p066,c0,img_22019.jpg
p066,c0,img_43739.jpg
p066,c0,img_29055.jpg
p066,c0,img_79847.jpg
p066,c0,img_64455.jpg
p066,c0,img_93160.jpg
p066,c2,img_10563.jpg
p066,c2,img_3938.jpg
p066,c2,img_86702.jpg
p066,c2,img_54836.jpg
p066,c2,img_96770.jpg
p066,c2,img_18543.jpg
p066,c2,img_35728.jpg
p066,c2,img_25841.jpg
p066,c2,img_76335.jpg
p066,c2,img_20723.jpg
p066,c2,img_59509.jpg
p066,c2,img_49688.jpg
p066,c2,img_15170.jpg
p066,c2,img_34769.jpg
p066,c2,img_3931.jpg
p066,c2,img_51881.jpg
p066,c2,img_58340.jpg
p066,c2,img_52818.jpg
p066,c2,img_82272.jpg
p066,c2,img_82245.jpg
p066,c2,img_88333.jpg
p066,c2,img_51544.jpg
p066,c2,img_53012.jpg
p066,c2,img_49761.jpg
p066,c2,img_55236.jpg
p066,c2,img_41753.jpg
p066,c2,img_23262.jpg
p066,c2,img_90299.jpg
p066,c2,img_74502.jpg
p066,c2,img_26906.jpg
p066,c2,img_24469.jpg
p066,c2,img_39555.jpg
p066,c2,img_28983.jpg
p066,c2,img_57867.jpg
p066,c2,img_88556.jpg
p066,c2,img_94604.jpg
p066,c2,img_82891.jpg
p066,c2,img_1633.jpg
p066,c2,img_92277.jpg
p066,c2,img_62430.jpg
p066,c2,img_3759.jpg
p066,c2,img_1764.jpg
p066,c2,img_72382.jpg
p066,c2,img_65572.jpg
p066,c2,img_28309.jpg
p066,c2,img_37713.jpg
p066,c2,img_60142.jpg
p066,c2,img_28211.jpg
p066,c2,img_81418.jpg
p066,c2,img_90391.jpg
p066,c2,img_25781.jpg
p066,c2,img_64256.jpg
p066,c2,img_29869.jpg
p066,c2,img_47747.jpg
p066,c2,img_74491.jpg
p066,c2,img_38915.jpg
p066,c2,img_1689.jpg
p066,c2,img_56319.jpg
p066,c2,img_59452.jpg
p066,c2,img_30790.jpg
p066,c2,img_46704.jpg
p066,c2,img_58397.jpg
p066,c2,img_101424.jpg
p066,c2,img_83948.jpg
p066,c2,img_39578.jpg
p066,c2,img_68059.jpg
p066,c2,img_65600.jpg
p066,c2,img_69572.jpg
p066,c2,img_53545.jpg
p066,c2,img_22950.jpg
p066,c2,img_42809.jpg
p066,c2,img_43417.jpg
p066,c2,img_19434.jpg
p066,c2,img_673.jpg
p066,c2,img_54770.jpg
p066,c2,img_66429.jpg
p066,c2,img_50194.jpg
p066,c2,img_11622.jpg
p066,c2,img_57450.jpg
p066,c2,img_97878.jpg
p066,c2,img_73299.jpg
p066,c2,img_78342.jpg
p066,c2,img_3591.jpg
p066,c2,img_72282.jpg
p066,c2,img_50284.jpg
p066,c2,img_54568.jpg
p066,c2,img_63996.jpg
p066,c2,img_68090.jpg
p066,c2,img_101679.jpg
p066,c2,img_41327.jpg
p066,c2,img_76529.jpg
p066,c2,img_5501.jpg
p066,c2,img_30902.jpg
p066,c2,img_19343.jpg
p066,c2,img_83861.jpg
p066,c2,img_46344.jpg
p066,c2,img_100514.jpg
p066,c2,img_40222.jpg
p066,c2,img_29737.jpg
p066,c2,img_29742.jpg
p066,c2,img_47112.jpg
p066,c2,img_68542.jpg
p066,c2,img_48515.jpg
p066,c2,img_6466.jpg
p066,c2,img_83363.jpg
p066,c2,img_15523.jpg
p066,c3,img_31873.jpg
p066,c3,img_7464.jpg
p066,c3,img_79502.jpg
p066,c3,img_94643.jpg
p066,c3,img_11902.jpg
p066,c3,img_59173.jpg
p066,c3,img_67516.jpg
p066,c3,img_18734.jpg
p066,c3,img_45886.jpg
p066,c3,img_58015.jpg
p066,c3,img_76137.jpg
p066,c3,img_28481.jpg
p066,c3,img_85879.jpg
p066,c3,img_20543.jpg
p066,c3,img_96864.jpg
p066,c3,img_99184.jpg
p066,c3,img_35445.jpg
p066,c3,img_77335.jpg
p066,c3,img_41900.jpg
p066,c3,img_63304.jpg
p066,c3,img_5.jpg
p066,c3,img_2034.jpg
p066,c3,img_21240.jpg
p066,c3,img_11352.jpg
p066,c3,img_44932.jpg
p066,c3,img_56060.jpg
p066,c3,img_38836.jpg
p066,c3,img_56572.jpg
p066,c3,img_47595.jpg
p066,c3,img_29406.jpg
p066,c3,img_53183.jpg
p066,c3,img_10367.jpg
p066,c3,img_1286.jpg
p066,c3,img_83487.jpg
p066,c3,img_64325.jpg
p066,c3,img_51480.jpg
p066,c3,img_46177.jpg
p066,c3,img_10062.jpg
p066,c3,img_100979.jpg
p066,c3,img_30666.jpg
p066,c3,img_82374.jpg
p066,c3,img_2558.jpg
p066,c3,img_82900.jpg
p066,c3,img_14105.jpg
p066,c3,img_53005.jpg
p066,c3,img_22186.jpg
p066,c3,img_29915.jpg
p066,c3,img_73046.jpg
p066,c3,img_51251.jpg
p066,c3,img_20178.jpg
p066,c3,img_77882.jpg
p066,c3,img_19024.jpg
p066,c3,img_76108.jpg
p066,c3,img_61943.jpg
p066,c3,img_12543.jpg
p066,c3,img_22182.jpg
p066,c3,img_15256.jpg
p066,c3,img_71678.jpg
p066,c3,img_7812.jpg
p066,c3,img_92022.jpg
p066,c3,img_92275.jpg
p066,c3,img_68226.jpg
p066,c3,img_84459.jpg
p066,c3,img_3636.jpg
p066,c3,img_84004.jpg
p066,c3,img_10528.jpg
p066,c3,img_4583.jpg
p066,c3,img_30157.jpg
p066,c3,img_37833.jpg
p066,c3,img_56305.jpg
p066,c3,img_38593.jpg
p066,c3,img_49299.jpg
p066,c3,img_53623.jpg
p066,c3,img_17332.jpg
p066,c3,img_94157.jpg
p066,c3,img_75722.jpg
p066,c3,img_43894.jpg
p066,c3,img_71790.jpg
p066,c3,img_70273.jpg
p066,c3,img_91220.jpg
p066,c3,img_47622.jpg
p066,c3,img_6516.jpg
p066,c3,img_55682.jpg
p066,c3,img_2566.jpg
p066,c3,img_207.jpg
p066,c3,img_32808.jpg
p066,c3,img_43709.jpg
p066,c3,img_16512.jpg
p066,c3,img_76872.jpg
p066,c3,img_84973.jpg
p066,c3,img_36736.jpg
p066,c3,img_65989.jpg
p066,c3,img_60584.jpg
p066,c3,img_4125.jpg
p066,c3,img_26544.jpg
p066,c3,img_58658.jpg
p066,c3,img_28399.jpg
p066,c3,img_77458.jpg
p066,c3,img_89554.jpg
p066,c3,img_64427.jpg
p066,c3,img_91939.jpg
p066,c4,img_9813.jpg
p066,c4,img_10865.jpg
p066,c4,img_15163.jpg
p066,c4,img_61944.jpg
p066,c4,img_18442.jpg
p066,c4,img_66198.jpg
p066,c4,img_49807.jpg
p066,c4,img_49530.jpg
p066,c4,img_97831.jpg
p066,c4,img_43594.jpg
p066,c4,img_71518.jpg
p066,c4,img_38091.jpg
p066,c4,img_59392.jpg
p066,c4,img_94425.jpg
p066,c4,img_48067.jpg
p066,c4,img_4008.jpg
p066,c4,img_39720.jpg
p066,c4,img_73177.jpg
p066,c4,img_93352.jpg
p066,c4,img_26524.jpg
p066,c4,img_88256.jpg
p066,c4,img_31502.jpg
p066,c4,img_99662.jpg
p066,c4,img_66093.jpg
p066,c4,img_29362.jpg
p066,c4,img_67956.jpg
p066,c4,img_47406.jpg
p066,c4,img_6777.jpg
p066,c4,img_90781.jpg
p066,c4,img_4624.jpg
p066,c4,img_33121.jpg
p066,c4,img_79605.jpg
p066,c4,img_21161.jpg
p066,c4,img_32109.jpg
p066,c4,img_68972.jpg
p066,c4,img_31443.jpg
p066,c4,img_12196.jpg
p066,c4,img_83274.jpg
p066,c4,img_46340.jpg
p066,c4,img_14895.jpg
p066,c4,img_81336.jpg
p066,c4,img_6731.jpg
p066,c4,img_4192.jpg
p066,c4,img_23384.jpg
p066,c4,img_2953.jpg
p066,c4,img_28269.jpg
p066,c4,img_34611.jpg
p066,c4,img_66898.jpg
p066,c4,img_42470.jpg
p066,c4,img_72211.jpg
p066,c4,img_32142.jpg
p066,c4,img_35545.jpg
p066,c4,img_86078.jpg
p066,c4,img_84226.jpg
p066,c4,img_83544.jpg
p066,c4,img_33759.jpg
p066,c4,img_59298.jpg
p066,c4,img_23123.jpg
p066,c4,img_73835.jpg
p066,c4,img_42458.jpg
p066,c4,img_92905.jpg
p066,c4,img_1621.jpg
p066,c4,img_40667.jpg
p066,c4,img_76025.jpg
p066,c4,img_78344.jpg
p066,c4,img_99470.jpg
p066,c4,img_30479.jpg
p066,c4,img_2777.jpg
p066,c4,img_101321.jpg
p066,c4,img_28739.jpg
p066,c4,img_42857.jpg
p066,c4,img_34875.jpg
p066,c4,img_96469.jpg
p066,c4,img_82898.jpg
p066,c4,img_20469.jpg
p066,c4,img_12738.jpg
p066,c4,img_17530.jpg
p066,c4,img_57494.jpg
p066,c4,img_4363.jpg
p066,c4,img_98156.jpg
p066,c4,img_69833.jpg
p066,c4,img_59586.jpg
p066,c4,img_85743.jpg
p066,c4,img_31352.jpg
p066,c4,img_88512.jpg
p066,c4,img_79894.jpg
p066,c4,img_73304.jpg
p066,c4,img_12204.jpg
p066,c4,img_84796.jpg
p066,c4,img_77197.jpg
p066,c4,img_99363.jpg
p066,c4,img_100915.jpg
p066,c4,img_31973.jpg
p066,c4,img_35688.jpg
p066,c4,img_97069.jpg
p066,c4,img_101319.jpg
p066,c4,img_18519.jpg
p066,c4,img_97775.jpg
p066,c4,img_23128.jpg
p066,c4,img_82306.jpg
p066,c4,img_24298.jpg
p066,c4,img_58634.jpg
p066,c5,img_13760.jpg
p066,c5,img_66645.jpg
p066,c5,img_78488.jpg
p066,c5,img_39907.jpg
p066,c5,img_18162.jpg
p066,c5,img_96042.jpg
p066,c5,img_99469.jpg
p066,c5,img_38740.jpg
p066,c5,img_54373.jpg
p066,c5,img_48030.jpg
p066,c5,img_47826.jpg
p066,c5,img_72022.jpg
p066,c5,img_7511.jpg
p066,c5,img_82078.jpg
p066,c5,img_66294.jpg
p066,c5,img_49880.jpg
p066,c5,img_92865.jpg
p066,c5,img_66441.jpg
p066,c5,img_12811.jpg
p066,c5,img_59796.jpg
p066,c5,img_34279.jpg
p066,c5,img_23872.jpg
p066,c5,img_94051.jpg
p066,c5,img_62899.jpg
p066,c5,img_8633.jpg
p066,c5,img_32571.jpg
p066,c5,img_81445.jpg
p066,c5,img_82112.jpg
p066,c5,img_76558.jpg
p066,c5,img_90170.jpg
p066,c5,img_39084.jpg
p066,c5,img_5460.jpg
p066,c5,img_91930.jpg
p066,c5,img_22230.jpg
p066,c5,img_78328.jpg
p066,c5,img_96858.jpg
p066,c5,img_12624.jpg
p066,c5,img_75094.jpg
p066,c5,img_41801.jpg
p066,c5,img_44765.jpg
p066,c5,img_7810.jpg
p066,c5,img_29001.jpg
p066,c5,img_77733.jpg
p066,c5,img_43655.jpg
p066,c5,img_97258.jpg
p066,c5,img_83364.jpg
p066,c5,img_67210.jpg
p066,c5,img_67457.jpg
p066,c5,img_90328.jpg
p066,c5,img_65690.jpg
p066,c5,img_36694.jpg
p066,c5,img_57963.jpg
p066,c5,img_31901.jpg
p066,c5,img_46855.jpg
p066,c5,img_21119.jpg
p066,c5,img_54984.jpg
p066,c5,img_81676.jpg
p066,c5,img_5814.jpg
p066,c5,img_58801.jpg
p066,c5,img_14204.jpg
p066,c5,img_6487.jpg
p066,c5,img_7847.jpg
p066,c5,img_15338.jpg
p066,c5,img_11871.jpg
p066,c5,img_6151.jpg
p066,c5,img_83157.jpg
p066,c5,img_3158.jpg
p066,c5,img_33132.jpg
p066,c5,img_89824.jpg
p066,c5,img_30018.jpg
p066,c5,img_7760.jpg
p066,c5,img_24252.jpg
p066,c5,img_21978.jpg
p066,c5,img_66961.jpg
p066,c5,img_87973.jpg
p066,c5,img_89355.jpg
p066,c5,img_52005.jpg
p066,c5,img_86848.jpg
p066,c5,img_46690.jpg
p066,c5,img_73257.jpg
p066,c5,img_24894.jpg
p066,c5,img_55698.jpg
p066,c5,img_16164.jpg
p066,c5,img_68065.jpg
p066,c5,img_3838.jpg
p066,c5,img_65420.jpg
p066,c5,img_94382.jpg
p066,c5,img_36968.jpg
p066,c5,img_52794.jpg
p066,c5,img_90523.jpg
p066,c5,img_68264.jpg
p066,c5,img_78424.jpg
p066,c5,img_99648.jpg
p066,c5,img_91114.jpg
p066,c5,img_18277.jpg
p066,c5,img_34400.jpg
p066,c5,img_32136.jpg
p066,c5,img_34715.jpg
p066,c5,img_74106.jpg
p066,c5,img_77501.jpg
p066,c5,img_37549.jpg
p072,c0,img_14047.jpg
p072,c0,img_3939.jpg
p072,c0,img_55929.jpg
p072,c0,img_3655.jpg
p072,c0,img_45462.jpg
p072,c0,img_65901.jpg
p072,c0,img_26089.jpg
p072,c0,img_80621.jpg
p072,c0,img_71951.jpg
p072,c0,img_47528.jpg
p072,c0,img_15823.jpg
p072,c0,img_52460.jpg
p072,c0,img_85727.jpg
p072,c0,img_54109.jpg
p072,c0,img_36370.jpg
p072,c0,img_24750.jpg
p072,c0,img_104.jpg
p072,c0,img_82545.jpg
p072,c0,img_49809.jpg
p072,c0,img_66990.jpg
p072,c0,img_46484.jpg
p072,c0,img_33097.jpg
p072,c0,img_86581.jpg
p072,c0,img_36173.jpg
p072,c0,img_31785.jpg
p072,c0,img_100598.jpg
p072,c0,img_55100.jpg
p072,c0,img_39682.jpg
p072,c0,img_13121.jpg
p072,c0,img_1519.jpg
p072,c0,img_62781.jpg
p072,c0,img_92742.jpg
p072,c0,img_9532.jpg
p072,c0,img_82365.jpg
p072,c0,img_78509.jpg
p072,c0,img_59561.jpg
p072,c0,img_46818.jpg
p072,c0,img_78631.jpg
p072,c0,img_73468.jpg
p072,c0,img_656.jpg
p072,c0,img_56931.jpg
p072,c0,img_28465.jpg
p072,c0,img_37200.jpg
p072,c0,img_66490.jpg
p072,c0,img_1053.jpg
p072,c0,img_71045.jpg
p072,c0,img_12458.jpg
p072,c0,img_95832.jpg
p072,c0,img_90764.jpg
p072,c0,img_1215.jpg
p072,c0,img_95285.jpg
p072,c0,img_64635.jpg
p072,c0,img_87445.jpg
p072,c0,img_65060.jpg
p072,c0,img_71138.jpg
p072,c0,img_39839.jpg
p072,c0,img_88531.jpg
p072,c0,img_70442.jpg
p072,c0,img_5514.jpg
p072,c0,img_78675.jpg
p072,c0,img_26342.jpg
p072,c0,img_68766.jpg
p072,c0,img_29005.jpg
p072,c2,img_87176.jpg
p072,c2,img_3352.jpg
p072,c2,img_35277.jpg
p072,c2,img_52118.jpg
p072,c2,img_73868.jpg
p072,c2,img_29948.jpg
p072,c2,img_35096.jpg
p072,c2,img_81515.jpg
p072,c2,img_41541.jpg
p072,c2,img_59460.jpg
p072,c2,img_11955.jpg
p072,c2,img_22178.jpg
p072,c2,img_84270.jpg
p072,c2,img_92876.jpg
p072,c2,img_91592.jpg
p072,c2,img_8863.jpg
p072,c2,img_60171.jpg
p072,c2,img_37307.jpg
p072,c2,img_16348.jpg
p072,c2,img_68376.jpg
p072,c2,img_70244.jpg
p072,c2,img_58326.jpg
p072,c2,img_71100.jpg
p072,c2,img_22214.jpg
p072,c2,img_25297.jpg
p072,c2,img_63679.jpg
p072,c2,img_46949.jpg
p072,c2,img_814.jpg
p072,c2,img_34409.jpg
p072,c2,img_95778.jpg
p072,c2,img_253.jpg
p072,c2,img_33770.jpg
p072,c2,img_47741.jpg
p072,c2,img_96824.jpg
p072,c2,img_33305.jpg
p072,c2,img_94066.jpg
p072,c3,img_94703.jpg
p072,c3,img_65651.jpg
p072,c3,img_16246.jpg
p072,c3,img_88461.jpg
p072,c3,img_83246.jpg
p072,c3,img_20748.jpg
p072,c3,img_15506.jpg
p072,c3,img_24069.jpg
p072,c3,img_95957.jpg
p072,c3,img_15897.jpg
p072,c3,img_60432.jpg
p072,c3,img_2346.jpg
p072,c3,img_73807.jpg
p072,c3,img_54130.jpg
p072,c3,img_69503.jpg
p072,c3,img_30496.jpg
p072,c3,img_33894.jpg
p072,c3,img_13142.jpg
p072,c3,img_70379.jpg
p072,c3,img_63179.jpg
p072,c3,img_94131.jpg
p072,c3,img_53464.jpg
p072,c3,img_88372.jpg
p072,c3,img_31027.jpg
p072,c3,img_21381.jpg
p072,c3,img_43963.jpg
p072,c3,img_27020.jpg
p072,c3,img_98185.jpg
p072,c3,img_81493.jpg
p072,c3,img_13742.jpg
p072,c3,img_6835.jpg
p072,c4,img_41698.jpg
p072,c4,img_18439.jpg
p072,c4,img_43984.jpg
p072,c4,img_21339.jpg
p072,c4,img_76800.jpg
p072,c4,img_98478.jpg
p072,c4,img_95363.jpg
p072,c4,img_80339.jpg
p072,c4,img_5387.jpg
p072,c4,img_40839.jpg
p072,c4,img_97443.jpg
p072,c4,img_80209.jpg
p072,c4,img_56511.jpg
p072,c4,img_5726.jpg
p072,c4,img_93147.jpg
p072,c4,img_62461.jpg
p072,c4,img_55305.jpg
p072,c4,img_22096.jpg
p072,c4,img_50624.jpg
p072,c4,img_8975.jpg
p072,c4,img_9466.jpg
p072,c4,img_40516.jpg
p072,c4,img_96063.jpg
p072,c4,img_92903.jpg
p072,c4,img_76540.jpg
p072,c4,img_69350.jpg
p072,c4,img_24698.jpg
p072,c4,img_20655.jpg
p072,c4,img_57931.jpg
p072,c4,img_4086.jpg
p072,c4,img_2669.jpg
p072,c4,img_43489.jpg
p072,c4,img_90553.jpg
p072,c4,img_73138.jpg
p072,c5,img_57007.jpg
p072,c5,img_66563.jpg
p072,c5,img_21095.jpg
p072,c5,img_99001.jpg
p072,c5,img_82158.jpg
p072,c5,img_45730.jpg
p075,c0,img_31068.jpg
p075,c0,img_10792.jpg
p075,c0,img_38766.jpg
p075,c0,img_34.jpg
p075,c0,img_2765.jpg
p075,c0,img_34435.jpg
p075,c0,img_33768.jpg
p075,c0,img_42144.jpg
p075,c0,img_36354.jpg
p075,c0,img_64276.jpg
p075,c0,img_39126.jpg
p075,c0,img_88140.jpg
p075,c0,img_42336.jpg
p075,c0,img_50553.jpg
p075,c0,img_75979.jpg
p075,c0,img_40742.jpg
p075,c0,img_76249.jpg
p075,c0,img_97807.jpg
p075,c0,img_83282.jpg
p075,c0,img_83624.jpg
p075,c0,img_80584.jpg
p075,c0,img_100828.jpg
p075,c0,img_75446.jpg
p075,c0,img_26370.jpg
p075,c0,img_78183.jpg
p075,c0,img_75810.jpg
p075,c0,img_54849.jpg
p075,c0,img_98129.jpg
p075,c0,img_66888.jpg
p075,c0,img_5449.jpg
p075,c0,img_50792.jpg
p075,c0,img_63073.jpg
p075,c0,img_63140.jpg
p075,c0,img_80174.jpg
p075,c0,img_42766.jpg
p075,c0,img_94048.jpg
p075,c0,img_30060.jpg
p075,c0,img_57598.jpg
p075,c0,img_49215.jpg
p075,c0,img_23158.jpg
p075,c0,img_17515.jpg
p075,c0,img_36597.jpg
p075,c0,img_35525.jpg
p075,c0,img_27480.jpg
p075,c0,img_16575.jpg
p075,c0,img_44419.jpg
p075,c0,img_39359.jpg
p075,c0,img_78909.jpg
p075,c0,img_4362.jpg
p075,c0,img_57112.jpg
p075,c0,img_10741.jpg
p075,c0,img_19386.jpg
p075,c0,img_66819.jpg
p075,c0,img_55719.jpg
p075,c0,img_48882.jpg
p075,c0,img_72493.jpg
p075,c0,img_27877.jpg
p075,c0,img_89850.jpg
p075,c0,img_21767.jpg
p075,c0,img_53148.jpg
p075,c0,img_34224.jpg
p075,c0,img_75384.jpg
p075,c0,img_10446.jpg
p075,c0,img_14979.jpg
p075,c0,img_81383.jpg
p075,c0,img_90325.jpg
p075,c0,img_30520.jpg
p075,c0,img_43775.jpg
p075,c0,img_34028.jpg
p075,c0,img_72492.jpg
p075,c0,img_32153.jpg
p075,c0,img_66723.jpg
p075,c0,img_77590.jpg
p075,c0,img_39447.jpg
p075,c0,img_75961.jpg
p075,c0,img_76602.jpg
p075,c0,img_99098.jpg
p075,c0,img_2380.jpg
p075,c0,img_81124.jpg
p075,c0,img_59772.jpg
p075,c0,img_73679.jpg
p075,c2,img_60999.jpg
p075,c2,img_66213.jpg
p075,c2,img_38180.jpg
p075,c2,img_30215.jpg
p075,c2,img_3183.jpg
p075,c2,img_80665.jpg
p075,c2,img_55412.jpg
p075,c2,img_25091.jpg
p075,c2,img_52526.jpg
p075,c2,img_35392.jpg
p075,c2,img_51593.jpg
p075,c2,img_4311.jpg
p075,c2,img_44341.jpg
p075,c2,img_86266.jpg
p075,c2,img_85989.jpg
p075,c2,img_100813.jpg
p075,c2,img_62353.jpg
p075,c2,img_84273.jpg
p075,c2,img_11319.jpg
p075,c2,img_86995.jpg
p075,c2,img_49341.jpg
p075,c2,img_28700.jpg
p075,c2,img_70274.jpg
p075,c2,img_61850.jpg
p075,c2,img_12908.jpg
p075,c2,img_16322.jpg
p075,c2,img_704.jpg
p075,c2,img_19877.jpg
p075,c2,img_17031.jpg
p075,c2,img_41737.jpg
p075,c2,img_8138.jpg
p075,c2,img_85130.jpg
p075,c2,img_43004.jpg
p075,c2,img_4212.jpg
p075,c2,img_49462.jpg
p075,c2,img_85600.jpg
p075,c2,img_8481.jpg
p075,c2,img_31572.jpg
p075,c2,img_87440.jpg
p075,c2,img_83812.jpg
p075,c2,img_46111.jpg
p075,c2,img_101503.jpg
p075,c2,img_25728.jpg
p075,c2,img_34796.jpg
p075,c2,img_31588.jpg
p075,c2,img_13923.jpg
p075,c2,img_14087.jpg
p075,c2,img_36319.jpg
p075,c2,img_67707.jpg
p075,c2,img_22308.jpg
p075,c2,img_17797.jpg
p075,c2,img_59295.jpg
p075,c2,img_6303.jpg
p075,c2,img_96248.jpg
p075,c2,img_28846.jpg
p075,c2,img_77091.jpg
p075,c2,img_16936.jpg
p075,c2,img_5722.jpg
p075,c2,img_1709.jpg
p075,c2,img_70053.jpg
p075,c2,img_39438.jpg
p075,c2,img_77522.jpg
p075,c2,img_97880.jpg
p075,c2,img_67947.jpg
p075,c2,img_37249.jpg
p075,c2,img_67186.jpg
p075,c2,img_20122.jpg
p075,c2,img_91800.jpg
p075,c2,img_9384.jpg
p075,c2,img_92210.jpg
p075,c2,img_87218.jpg
p075,c2,img_17252.jpg
p075,c2,img_15960.jpg
p075,c2,img_641.jpg
p075,c2,img_66670.jpg
p075,c2,img_37188.jpg
p075,c2,img_55918.jpg
p075,c2,img_55579.jpg
p075,c2,img_57386.jpg
p075,c2,img_44101.jpg
p075,c2,img_39561.jpg
p075,c2,img_13241.jpg
p075,c2,img_79278.jpg
p075,c2,img_40017.jpg
p075,c2,img_11553.jpg
p075,c3,img_97182.jpg
p075,c3,img_76247.jpg
p075,c3,img_89821.jpg
p075,c3,img_44021.jpg
p075,c3,img_8510.jpg
p075,c3,img_87327.jpg
p075,c3,img_78178.jpg
p075,c3,img_9309.jpg
p075,c3,img_34510.jpg
p075,c3,img_49300.jpg
p075,c3,img_20805.jpg
p075,c3,img_91729.jpg
p075,c3,img_59921.jpg
p075,c3,img_70450.jpg
p075,c3,img_76150.jpg
p075,c3,img_79556.jpg
p075,c3,img_2311.jpg
p075,c3,img_39207.jpg
p075,c3,img_11162.jpg
p075,c3,img_33239.jpg
p075,c3,img_99963.jpg
p075,c3,img_37806.jpg
p075,c3,img_31910.jpg
p075,c3,img_98061.jpg
p075,c3,img_54573.jpg
p075,c3,img_87986.jpg
p075,c3,img_55164.jpg
p075,c3,img_38074.jpg
p075,c3,img_44909.jpg
p075,c3,img_14485.jpg
p075,c3,img_18901.jpg
p075,c3,img_32697.jpg
p075,c3,img_39566.jpg
p075,c3,img_40140.jpg
p075,c3,img_42963.jpg
p075,c3,img_77066.jpg
p075,c3,img_48914.jpg
p075,c3,img_5149.jpg
p075,c3,img_17447.jpg
p075,c3,img_6196.jpg
p075,c3,img_101745.jpg
p075,c3,img_49269.jpg
p075,c3,img_38563.jpg
p075,c3,img_46540.jpg
p075,c3,img_25895.jpg
p075,c3,img_44228.jpg
p075,c3,img_84564.jpg
p075,c3,img_99848.jpg
p075,c3,img_37189.jpg
p075,c3,img_32884.jpg
p075,c3,img_101130.jpg
p075,c3,img_9103.jpg
p075,c3,img_19472.jpg
p075,c3,img_40872.jpg
p075,c3,img_92349.jpg
p075,c3,img_2890.jpg
p075,c3,img_85737.jpg
p075,c3,img_7612.jpg
p075,c3,img_101208.jpg
p075,c3,img_35391.jpg
p075,c3,img_51434.jpg
p075,c3,img_4407.jpg
p075,c3,img_94343.jpg
p075,c3,img_80493.jpg
p075,c3,img_40965.jpg
p075,c3,img_35286.jpg
p075,c3,img_19607.jpg
p075,c3,img_42021.jpg
p075,c3,img_28583.jpg
p075,c3,img_60829.jpg
p075,c3,img_26196.jpg
p075,c3,img_101063.jpg
p075,c3,img_79169.jpg
p075,c3,img_36054.jpg
p075,c3,img_2381.jpg
p075,c3,img_26837.jpg
p075,c3,img_57025.jpg
p075,c3,img_55646.jpg
p075,c3,img_57880.jpg
p075,c4,img_29986.jpg
p075,c4,img_40043.jpg
p075,c4,img_4893.jpg
p075,c4,img_82515.jpg
p075,c4,img_82087.jpg
p075,c4,img_7930.jpg
p075,c4,img_76254.jpg
p075,c4,img_90259.jpg
p075,c4,img_90194.jpg
p075,c4,img_95594.jpg
p075,c4,img_43089.jpg
p075,c4,img_11270.jpg
p075,c4,img_87481.jpg
p075,c4,img_14981.jpg
p075,c4,img_91899.jpg
p075,c4,img_57759.jpg
p075,c4,img_902.jpg
p075,c4,img_44862.jpg
p075,c4,img_55163.jpg
p075,c4,img_70374.jpg
p075,c4,img_92537.jpg
p075,c4,img_6841.jpg
p075,c4,img_53828.jpg
p075,c4,img_17553.jpg
p075,c4,img_77841.jpg
p075,c4,img_34488.jpg
p075,c4,img_36222.jpg
p075,c4,img_92193.jpg
p075,c4,img_31622.jpg
p075,c4,img_7174.jpg
p075,c4,img_88421.jpg
p075,c4,img_47456.jpg
p075,c4,img_97507.jpg
p075,c4,img_12834.jpg
p075,c4,img_58616.jpg
p075,c4,img_42084.jpg
p075,c4,img_22983.jpg
p075,c4,img_72894.jpg
p075,c4,img_95573.jpg
p075,c4,img_50866.jpg
p075,c4,img_69564.jpg
p075,c4,img_88787.jpg
p075,c4,img_69998.jpg
p075,c4,img_96019.jpg
p075,c4,img_1789.jpg
p075,c4,img_33076.jpg
p075,c4,img_34848.jpg
p075,c4,img_73747.jpg
p075,c4,img_73448.jpg
p075,c4,img_13981.jpg
p075,c4,img_57748.jpg
p075,c4,img_85595.jpg
p075,c4,img_54224.jpg
p075,c4,img_50613.jpg
p075,c4,img_97452.jpg
p075,c4,img_45452.jpg
p075,c4,img_87029.jpg
p075,c4,img_6588.jpg
p075,c4,img_7291.jpg
p075,c4,img_35657.jpg
p075,c4,img_98630.jpg
p075,c4,img_69645.jpg
p075,c4,img_82683.jpg
p075,c4,img_102118.jpg
p075,c4,img_2935.jpg
p075,c4,img_83880.jpg
p075,c4,img_81771.jpg
p075,c4,img_61162.jpg
p075,c4,img_76388.jpg
p075,c4,img_57808.jpg
p075,c4,img_4967.jpg
p075,c4,img_99804.jpg
p075,c4,img_61406.jpg
p075,c4,img_6114.jpg
p075,c4,img_88291.jpg
p075,c4,img_503.jpg
p075,c4,img_62457.jpg
p075,c4,img_22180.jpg
p075,c4,img_78917.jpg
p075,c4,img_77298.jpg
p075,c4,img_57279.jpg
p075,c4,img_83785.jpg
p075,c4,img_43611.jpg
p075,c4,img_92521.jpg
p075,c4,img_73316.jpg
p075,c4,img_16077.jpg
p075,c4,img_97945.jpg
p075,c4,img_19439.jpg
p075,c4,img_77347.jpg
p075,c5,img_74238.jpg
p075,c5,img_44591.jpg
p075,c5,img_72025.jpg
p075,c5,img_44297.jpg
p075,c5,img_65859.jpg
p075,c5,img_18740.jpg
p075,c5,img_75882.jpg
p075,c5,img_24744.jpg
p075,c5,img_44224.jpg
p075,c5,img_12442.jpg
p075,c5,img_89460.jpg
p075,c5,img_22873.jpg
p075,c5,img_30214.jpg
p075,c5,img_75085.jpg
p075,c5,img_88147.jpg
p075,c5,img_5839.jpg
p075,c5,img_8852.jpg
p075,c5,img_48489.jpg
p075,c5,img_70803.jpg
p075,c5,img_32655.jpg
p075,c5,img_88434.jpg
p075,c5,img_9637.jpg
p075,c5,img_120.jpg
p075,c5,img_88983.jpg
p075,c5,img_2090.jpg
p075,c5,img_76416.jpg
p075,c5,img_42329.jpg
p075,c5,img_97086.jpg
p075,c5,img_88560.jpg
p075,c5,img_60560.jpg
p075,c5,img_24355.jpg
p075,c5,img_42904.jpg
p075,c5,img_5411.jpg
p075,c5,img_92127.jpg
p075,c5,img_50682.jpg
p075,c5,img_34846.jpg
p075,c5,img_66808.jpg
p075,c5,img_72094.jpg
p075,c5,img_13216.jpg
p075,c5,img_4675.jpg
p075,c5,img_22901.jpg
p075,c5,img_10052.jpg
p075,c5,img_60734.jpg
p075,c5,img_48922.jpg
p075,c5,img_3899.jpg
p075,c5,img_46664.jpg
p075,c5,img_99978.jpg
p075,c5,img_80483.jpg
p075,c5,img_9325.jpg
p075,c5,img_49511.jpg
p075,c5,img_96754.jpg
p075,c5,img_60850.jpg
p075,c5,img_86019.jpg
p075,c5,img_42639.jpg
p075,c5,img_34454.jpg
p075,c5,img_17715.jpg
p075,c5,img_96220.jpg
p075,c5,img_60998.jpg
p075,c5,img_50683.jpg
p075,c5,img_77104.jpg
p075,c5,img_67710.jpg
p075,c5,img_10516.jpg
p075,c5,img_99441.jpg
p075,c5,img_70663.jpg
p075,c5,img_16671.jpg
p075,c5,img_3539.jpg
p075,c5,img_85156.jpg
p075,c5,img_38046.jpg
p075,c5,img_6689.jpg
p075,c5,img_46168.jpg
p075,c5,img_92441.jpg
p075,c5,img_38184.jpg
p075,c5,img_73600.jpg
p075,c5,img_29110.jpg
p075,c5,img_99558.jpg
p075,c5,img_28521.jpg
p075,c5,img_79689.jpg
p075,c5,img_77954.jpg
p075,c5,img_7690.jpg
p081,c0,img_73734.jpg
p081,c0,img_91414.jpg
p081,c0,img_60226.jpg
p081,c0,img_71483.jpg
p081,c0,img_35809.jpg
p081,c0,img_90273.jpg
p081,c0,img_68246.jpg
p081,c0,img_68266.jpg
p081,c0,img_23142.jpg
p081,c0,img_29357.jpg
p081,c0,img_88930.jpg
p081,c0,img_86913.jpg
p081,c0,img_87060.jpg
p081,c0,img_10514.jpg
p081,c0,img_45571.jpg
p081,c0,img_28578.jpg
p081,c0,img_87245.jpg
p081,c0,img_81035.jpg
p081,c0,img_54712.jpg
p081,c0,img_63318.jpg
p081,c0,img_74632.jpg
p081,c0,img_13907.jpg
p081,c0,img_38288.jpg
p081,c0,img_59868.jpg
p081,c0,img_61865.jpg
p081,c0,img_71240.jpg
p081,c0,img_32990.jpg
p081,c0,img_84376.jpg
p081,c0,img_82453.jpg
p081,c0,img_58013.jpg
p081,c0,img_10141.jpg
p081,c0,img_59709.jpg
p081,c0,img_75764.jpg
p081,c0,img_2076.jpg
p081,c0,img_9648.jpg
p081,c0,img_16714.jpg
p081,c0,img_40733.jpg
p081,c0,img_47558.jpg
p081,c0,img_41894.jpg
p081,c0,img_22143.jpg
p081,c0,img_53356.jpg
p081,c0,img_9520.jpg
p081,c0,img_54086.jpg
p081,c0,img_34092.jpg
p081,c0,img_47385.jpg
p081,c0,img_27728.jpg
p081,c0,img_31076.jpg
p081,c0,img_99342.jpg
p081,c0,img_23298.jpg
p081,c0,img_90865.jpg
p081,c0,img_51985.jpg
p081,c0,img_91777.jpg
p081,c0,img_139.jpg
p081,c0,img_4335.jpg
p081,c0,img_39787.jpg
p081,c0,img_92814.jpg
p081,c0,img_81340.jpg
p081,c0,img_82267.jpg
p081,c0,img_97265.jpg
p081,c0,img_82353.jpg
p081,c0,img_56251.jpg
p081,c0,img_62383.jpg
p081,c0,img_36854.jpg
p081,c0,img_73825.jpg
p081,c0,img_3349.jpg
p081,c0,img_8222.jpg
p081,c0,img_71478.jpg
p081,c0,img_70795.jpg
p081,c0,img_57739.jpg
p081,c0,img_32714.jpg
p081,c0,img_68629.jpg
p081,c0,img_47447.jpg
p081,c0,img_21699.jpg
p081,c0,img_37676.jpg
p081,c0,img_50942.jpg
p081,c0,img_7549.jpg
p081,c0,img_49150.jpg
p081,c0,img_35189.jpg
p081,c0,img_94437.jpg
p081,c0,img_84899.jpg
p081,c0,img_55683.jpg
p081,c0,img_5963.jpg
p081,c0,img_6002.jpg
p081,c0,img_27760.jpg
p081,c0,img_58551.jpg
p081,c0,img_73392.jpg
p081,c0,img_49161.jpg
p081,c0,img_53288.jpg
p081,c0,img_55583.jpg
p081,c0,img_41089.jpg
p081,c0,img_95596.jpg
p081,c0,img_101668.jpg
p081,c0,img_14552.jpg
p081,c0,img_94842.jpg
p081,c0,img_29918.jpg
p081,c0,img_83134.jpg
p081,c0,img_88085.jpg
p081,c0,img_96916.jpg
p081,c0,img_90159.jpg
p081,c0,img_80531.jpg
p081,c2,img_24508.jpg
p081,c2,img_47662.jpg
p081,c2,img_24023.jpg
p081,c2,img_84503.jpg
p081,c2,img_71726.jpg
p081,c2,img_56804.jpg
p081,c2,img_63662.jpg
p081,c2,img_32687.jpg
p081,c2,img_49445.jpg
p081,c2,img_2967.jpg
p081,c2,img_41728.jpg
p081,c2,img_15756.jpg
p081,c2,img_55338.jpg
p081,c2,img_51781.jpg
p081,c2,img_97226.jpg
p081,c2,img_31406.jpg
p081,c2,img_55152.jpg
p081,c2,img_16853.jpg
p081,c2,img_93382.jpg
p081,c2,img_67369.jpg
p081,c2,img_15659.jpg
p081,c2,img_46160.jpg
p081,c2,img_15219.jpg
p081,c2,img_82776.jpg
p081,c2,img_90732.jpg
p081,c2,img_48977.jpg
p081,c2,img_4721.jpg
p081,c2,img_15520.jpg
p081,c2,img_34451.jpg
p081,c2,img_57036.jpg
p081,c2,img_100458.jpg
p081,c2,img_51235.jpg
p081,c2,img_78315.jpg
p081,c2,img_16831.jpg
p081,c2,img_90344.jpg
p081,c2,img_13188.jpg
p081,c2,img_85296.jpg
p081,c2,img_11744.jpg
p081,c2,img_16231.jpg
p081,c2,img_83976.jpg
p081,c2,img_94192.jpg
p081,c2,img_20114.jpg
p081,c2,img_93725.jpg
p081,c2,img_97064.jpg
p081,c2,img_35305.jpg
p081,c2,img_66384.jpg
p081,c2,img_6346.jpg
p081,c2,img_16635.jpg
p081,c2,img_51247.jpg
p081,c2,img_20214.jpg
p081,c2,img_20223.jpg
p081,c2,img_61122.jpg
p081,c2,img_32165.jpg
p081,c2,img_34920.jpg
p081,c2,img_23794.jpg
p081,c2,img_44274.jpg
p081,c2,img_27484.jpg
p081,c2,img_87286.jpg
p081,c2,img_89455.jpg
p081,c2,img_43132.jpg
p081,c2,img_29170.jpg
p081,c2,img_79318.jpg
p081,c2,img_96719.jpg
p081,c2,img_77950.jpg
p081,c2,img_96245.jpg
p081,c2,img_5362.jpg
p081,c2,img_26768.jpg
p081,c2,img_100738.jpg
p081,c2,img_94933.jpg
p081,c2,img_5465.jpg
p081,c2,img_31569.jpg
p081,c2,img_46217.jpg
p081,c2,img_13221.jpg
p081,c2,img_38037.jpg
p081,c2,img_86211.jpg
p081,c2,img_87387.jpg
p081,c2,img_30690.jpg
p081,c2,img_71589.jpg
p081,c2,img_68333.jpg
p081,c2,img_100108.jpg
p081,c2,img_61253.jpg
p081,c2,img_9779.jpg
p081,c2,img_95501.jpg
p081,c2,img_10607.jpg
p081,c2,img_52577.jpg
p081,c2,img_74571.jpg
p081,c2,img_75158.jpg
p081,c2,img_37438.jpg
p081,c2,img_62656.jpg
p081,c2,img_69088.jpg
p081,c2,img_93872.jpg
p081,c2,img_90583.jpg
p081,c2,img_15905.jpg
p081,c2,img_81361.jpg
p081,c2,img_38337.jpg
p081,c2,img_82253.jpg
p081,c3,img_89165.jpg
p081,c3,img_2114.jpg
p081,c3,img_13326.jpg
p081,c3,img_33011.jpg
p081,c3,img_64792.jpg
p081,c3,img_50977.jpg
p081,c3,img_27867.jpg
p081,c3,img_84460.jpg
p081,c3,img_17998.jpg
p081,c3,img_93704.jpg
p081,c3,img_19220.jpg
p081,c3,img_82742.jpg
p081,c3,img_40557.jpg
p081,c3,img_33972.jpg
p081,c3,img_62800.jpg
p081,c3,img_50125.jpg
p081,c3,img_28942.jpg
p081,c3,img_4863.jpg
p081,c3,img_73586.jpg
p081,c3,img_63976.jpg
p081,c3,img_84256.jpg
p081,c3,img_12185.jpg
p081,c3,img_98784.jpg
p081,c3,img_69971.jpg
p081,c3,img_54898.jpg
p081,c3,img_44716.jpg
p081,c3,img_29284.jpg
p081,c3,img_75477.jpg
p081,c3,img_84810.jpg
p081,c3,img_4640.jpg
p081,c3,img_87470.jpg
p081,c3,img_35269.jpg
p081,c3,img_43348.jpg
p081,c3,img_98876.jpg
p081,c3,img_65100.jpg
p081,c3,img_45785.jpg
p081,c3,img_89257.jpg
p081,c3,img_9682.jpg
p081,c3,img_83354.jpg
p081,c3,img_51491.jpg
p081,c3,img_90603.jpg
p081,c3,img_36761.jpg
p081,c3,img_12537.jpg
p081,c3,img_42039.jpg
p081,c3,img_26519.jpg
p081,c3,img_44440.jpg
p081,c3,img_63572.jpg
p081,c3,img_90911.jpg
p081,c3,img_83425.jpg
p081,c3,img_25363.jpg
p081,c3,img_13389.jpg
p081,c3,img_93142.jpg
p081,c3,img_35732.jpg
p081,c3,img_73295.jpg
p081,c3,img_6811.jpg
p081,c3,img_41984.jpg
p081,c3,img_44260.jpg
p081,c3,img_33228.jpg
p081,c3,img_91761.jpg
p081,c3,img_58543.jpg
p081,c3,img_54238.jpg
p081,c3,img_96628.jpg
p081,c3,img_86250.jpg
p081,c3,img_84290.jpg
p081,c3,img_51623.jpg
p081,c3,img_88690.jpg
p081,c3,img_25815.jpg
p081,c3,img_43859.jpg
p081,c3,img_58816.jpg
p081,c3,img_40931.jpg
p081,c3,img_17682.jpg
p081,c3,img_88859.jpg
p081,c3,img_67193.jpg
p081,c3,img_11144.jpg
p081,c3,img_59908.jpg
p081,c3,img_58961.jpg
p081,c3,img_72310.jpg
p081,c3,img_68390.jpg
p081,c3,img_37063.jpg
p081,c3,img_69083.jpg
p081,c3,img_88875.jpg
p081,c3,img_4401.jpg
p081,c4,img_6648.jpg
p081,c4,img_14792.jpg
p081,c4,img_48252.jpg
p081,c4,img_58467.jpg
p081,c4,img_47321.jpg
p081,c4,img_9572.jpg
p081,c4,img_77586.jpg
p081,c4,img_18155.jpg
p081,c4,img_21800.jpg
p081,c4,img_89213.jpg
p081,c4,img_13973.jpg
p081,c4,img_2499.jpg
p081,c4,img_87520.jpg
p081,c4,img_47177.jpg
p081,c4,img_32186.jpg
p081,c4,img_452.jpg
p081,c4,img_74289.jpg
p081,c4,img_99821.jpg
p081,c4,img_39670.jpg
p081,c4,img_78271.jpg
p081,c4,img_45833.jpg
p081,c4,img_58743.jpg
p081,c4,img_76277.jpg
p081,c4,img_79820.jpg
p081,c4,img_29971.jpg
p081,c4,img_34946.jpg
p081,c4,img_88761.jpg
p081,c4,img_13613.jpg
p081,c4,img_52391.jpg
p081,c4,img_16270.jpg
p081,c4,img_50793.jpg
p081,c4,img_63401.jpg
p081,c4,img_21764.jpg
p081,c4,img_101029.jpg
p081,c4,img_60290.jpg
p081,c4,img_51903.jpg
p081,c4,img_35072.jpg
p081,c4,img_78827.jpg
p081,c4,img_4440.jpg
p081,c4,img_36078.jpg
p081,c4,img_70033.jpg
p081,c4,img_52951.jpg
p081,c4,img_13422.jpg
p081,c4,img_86549.jpg
p081,c4,img_95985.jpg
p081,c4,img_92625.jpg
p081,c4,img_37538.jpg
p081,c4,img_53259.jpg
p081,c4,img_89746.jpg
p081,c4,img_92385.jpg
p081,c4,img_68224.jpg
p081,c4,img_42125.jpg
p081,c4,img_775.jpg
p081,c4,img_9448.jpg
p081,c4,img_2910.jpg
p081,c4,img_11052.jpg
p081,c4,img_38490.jpg
p081,c4,img_72432.jpg
p081,c4,img_49658.jpg
p081,c4,img_22314.jpg
p081,c4,img_61941.jpg
p081,c4,img_11976.jpg
p081,c4,img_36844.jpg
p081,c4,img_92488.jpg
p081,c4,img_54158.jpg
p081,c4,img_22886.jpg
p081,c4,img_23812.jpg
p081,c4,img_90874.jpg
p081,c4,img_68118.jpg
p081,c4,img_63638.jpg
p081,c4,img_24247.jpg
p081,c4,img_29229.jpg
p081,c4,img_67543.jpg
p081,c4,img_37053.jpg
p081,c4,img_31474.jpg
p081,c4,img_3345.jpg
p081,c4,img_33888.jpg
p081,c5,img_75175.jpg
p081,c5,img_2645.jpg
p081,c5,img_70328.jpg
p081,c5,img_50186.jpg
p081,c5,img_54207.jpg
p081,c5,img_70946.jpg
p081,c5,img_76359.jpg
p081,c5,img_78744.jpg
p081,c5,img_97725.jpg
p081,c5,img_88956.jpg
p081,c5,img_12644.jpg
p081,c5,img_56202.jpg
p081,c5,img_85173.jpg
p081,c5,img_69602.jpg
p081,c5,img_33804.jpg
p081,c5,img_87588.jpg
p081,c5,img_63190.jpg
p081,c5,img_96233.jpg
p081,c5,img_38976.jpg
p081,c5,img_18114.jpg
p081,c5,img_83648.jpg
p081,c5,img_71388.jpg
p081,c5,img_86184.jpg
p081,c5,img_71103.jpg
p081,c5,img_77159.jpg
p081,c5,img_46440.jpg
p081,c5,img_19563.jpg
p081,c5,img_36886.jpg
p081,c5,img_72777.jpg
p081,c5,img_44429.jpg
p081,c5,img_45097.jpg
p081,c5,img_19873.jpg
p081,c5,img_15566.jpg
p081,c5,img_44634.jpg
p081,c5,img_28146.jpg
p081,c5,img_93036.jpg
p081,c5,img_82115.jpg
p081,c5,img_18866.jpg
p081,c5,img_33184.jpg
p081,c5,img_96678.jpg
p081,c5,img_84162.jpg
p081,c5,img_82704.jpg
p081,c5,img_68590.jpg
p081,c5,img_95740.jpg
p081,c5,img_49803.jpg
p081,c5,img_69726.jpg
p081,c5,img_44540.jpg
p081,c5,img_1605.jpg
p081,c5,img_74424.jpg
p081,c5,img_67163.jpg
p081,c5,img_80300.jpg
p081,c5,img_32012.jpg
p081,c5,img_34549.jpg
p081,c5,img_58311.jpg
p081,c5,img_56467.jpg
p081,c5,img_20012.jpg
p081,c5,img_58123.jpg
p081,c5,img_64242.jpg
p081,c5,img_52574.jpg
p081,c5,img_30493.jpg
p081,c5,img_53853.jpg
p081,c5,img_43997.jpg
p081,c5,img_23085.jpg
p081,c5,img_28524.jpg
p081,c5,img_66884.jpg
p081,c5,img_71906.jpg
p081,c5,img_59390.jpg
p081,c5,img_38316.jpg
p081,c5,img_56602.jpg
p081,c5,img_58135.jpg
p081,c5,img_16245.jpg
p081,c5,img_64726.jpg
p081,c5,img_93740.jpg
p081,c5,img_2772.jpg
p081,c5,img_52751.jpg
p081,c5,img_96629.jpg
p081,c5,img_53824.jpg
p081,c5,img_12289.jpg
p081,c5,img_28576.jpg
p081,c5,img_69565.jpg
p081,c5,img_8576.jpg
